epoch,drag_1_loss,drag_1_mae,drag_2_loss,drag_2_mae,flow_output_loss,flow_output_mae,learning_rate,lift_1_loss,lift_1_mae,lift_2_loss,lift_2_mae,loss,val_drag_1_loss,val_drag_1_mae,val_drag_2_loss,val_drag_2_mae,val_flow_output_loss,val_flow_output_mae,val_lift_1_loss,val_lift_1_mae,val_lift_2_loss,val_lift_2_mae,val_loss
0,0.8989726901054382,0.7824015021324158,0.9087244272232056,0.7641037106513977,0.07159139215946198,0.2140338122844696,3.354626301188546e-07,0.9665834307670593,0.7150912880897522,0.9582468867301941,0.7216216921806335,0.8469783663749695,0.70964115858078,0.6953580975532532,0.7943375110626221,0.716852068901062,0.061988409608602524,0.20123843848705292,0.8890315294265747,0.6826115846633911,0.9065085053443909,0.6942992210388184,0.7485904693603516
1,0.7081515789031982,0.6811277866363525,0.7284506559371948,0.6780308485031128,0.05719856545329094,0.1937239170074463,3.354626301188546e-07,0.8521066308021545,0.6605086922645569,0.8738435506820679,0.6781952977180481,0.7172948718070984,0.5346512794494629,0.5760311484336853,0.5997905731201172,0.6019219160079956,0.05356195196509361,0.18761204183101654,0.7582280039787292,0.6209543943405151,0.825172483921051,0.6525395512580872,0.6168705224990845
2,0.571115255355835,0.5902277231216431,0.5834115743637085,0.5880240797996521,0.051583267748355865,0.18390104174613953,3.354626301188546e-07,0.7155752778053284,0.5952335000038147,0.7889273762702942,0.6391178369522095,0.6034397482872009,0.4523005485534668,0.5177173018455505,0.4848766326904297,0.5313377380371094,0.050021056085824966,0.18073536455631256,0.608639657497406,0.5484642386436462,0.7517425417900085,0.6191811561584473,0.5219529867172241
3,0.500278890132904,0.540525496006012,0.5100011229515076,0.5410698652267456,0.047365810722112656,0.175725057721138,3.354626301188546e-07,0.5630011558532715,0.523285448551178,0.7087287902832031,0.6033211350440979,0.5181891918182373,0.40765130519866943,0.48683831095695496,0.43058305978775024,0.49773797392845154,0.04301372542977333,0.1664946973323822,0.4630541205406189,0.47718748450279236,0.6753195524215698,0.583830714225769,0.4490380585193634
4,0.45039689540863037,0.5086543560028076,0.4645022749900818,0.5141980648040771,0.038925234228372574,0.15457460284233093,3.354626301188546e-07,0.43996524810791016,0.46637263894081116,0.6309298872947693,0.5664399266242981,0.45069625973701477,0.3699372112751007,0.4634567201137543,0.3981550931930542,0.47474610805511475,0.03708052262663841,0.14778295159339905,0.3612242639064789,0.4266558587551117,0.600590169429779,0.548168420791626,0.39293697476387024
5,0.4026497006416321,0.4776219129562378,0.422794371843338,0.48864102363586426,0.03647426515817642,0.14542771875858307,3.354626301188546e-07,0.35212835669517517,0.4250187575817108,0.5521697402000427,0.5272476673126221,0.3928392827510834,0.3280305862426758,0.4332750737667084,0.35079601407051086,0.4466016888618469,0.035756707191467285,0.14275911450386047,0.290214866399765,0.390522837638855,0.5208654403686523,0.5072656273841858,0.3388047218322754
6,0.35450950264930725,0.444996178150177,0.37851402163505554,0.4604422152042389,0.03358965739607811,0.13799962401390076,3.354626301188546e-07,0.2915472090244293,0.39313653111457825,0.47455474734306335,0.48547297716140747,0.3406623601913452,0.2839231789112091,0.3994866609573364,0.30641552805900574,0.4168500304222107,0.027195895090699196,0.12408234924077988,0.2425345927476883,0.36091890931129456,0.4455541968345642,0.464043527841568,0.2903658151626587
7,0.3011418282985687,0.4064715802669525,0.3298461139202118,0.4266151189804077,0.024792008101940155,0.11431615799665451,3.354626301188546e-07,0.25127384066581726,0.3674607276916504,0.39801841974258423,0.4406171143054962,0.29054227471351624,0.22983090579509735,0.35674425959587097,0.26002275943756104,0.38059553503990173,0.023314541205763817,0.10796937346458435,0.2092917114496231,0.33576300740242004,0.3690407872200012,0.41894298791885376,0.2426733374595642
8,0.24658134579658508,0.3633650839328766,0.2785724997520447,0.387541264295578,0.02255011722445488,0.10529867559671402,3.354626301188546e-07,0.21697130799293518,0.3407689034938812,0.33055639266967773,0.39755210280418396,0.24360857903957367,0.1833249181509018,0.314532071352005,0.21073706448078156,0.3385472893714905,0.021693136543035507,0.1018553376197815,0.18174095451831818,0.3108362555503845,0.31086814403533936,0.3747493624687195,0.20167025923728943
9,0.1968129724264145,0.3201534152030945,0.22797095775604248,0.3447810709476471,0.021286658942699432,0.09994783997535706,3.354626301188546e-07,0.18793904781341553,0.3160170912742615,0.27270933985710144,0.3567204177379608,0.20135092735290527,0.13698364794254303,0.2664748430252075,0.16316421329975128,0.29198285937309265,0.020696060732007027,0.09695017337799072,0.1550532728433609,0.28532594442367554,0.2504086494445801,0.3333308696746826,0.16083179414272308
10,0.15120533108711243,0.2758101522922516,0.18046092987060547,0.3018084764480591,0.020353849977254868,0.09539385139942169,3.354626301188546e-07,0.1638510376214981,0.2933730185031891,0.2249053418636322,0.3205670416355133,0.1641305536031723,0.10309994965791702,0.2258005440235138,0.12233610451221466,0.2485409379005432,0.019712502136826515,0.09246187657117844,0.13558447360992432,0.26562726497650146,0.20611687004566193,0.3007082939147949,0.1295771300792694
11,0.11605244874954224,0.23927713930606842,0.14121481776237488,0.2636112868785858,0.019481470808386803,0.09122011065483093,3.354626301188546e-07,0.14380033314228058,0.27282068133354187,0.18560652434825897,0.2890976667404175,0.133949875831604,0.07325950264930725,0.18863947689533234,0.09269443154335022,0.21338923275470734,0.01906985603272915,0.08877784758806229,0.1201082170009613,0.24647071957588196,0.17521943151950836,0.2683427035808563,0.10569533705711365
12,0.09126249700784683,0.21092641353607178,0.1116127222776413,0.23170295357704163,0.01897992193698883,0.0881366953253746,3.354626301188546e-07,0.1272493153810501,0.2552736699581146,0.15543080866336823,0.26425281167030334,0.11114800721406937,0.0547996461391449,0.16323401033878326,0.07137243449687958,0.18668502569198608,0.018665120005607605,0.08612168580293655,0.10657428950071335,0.22990643978118896,0.14521503448486328,0.24441316723823547,0.08690783381462097
13,0.07399483770132065,0.19010446965694427,0.0906667560338974,0.20818671584129333,0.01861604116857052,0.0858098641037941,3.354626301188546e-07,0.11382745206356049,0.24023225903511047,0.1325339525938034,0.2443639189004898,0.09434182941913605,0.04376531019806862,0.1461440622806549,0.056122589856386185,0.16511376202106476,0.01834305375814438,0.08403037488460541,0.0959773138165474,0.21820051968097687,0.12223300337791443,0.22807982563972473,0.07340638339519501
14,0.06175599992275238,0.17335234582424164,0.07607386261224747,0.19086302816867828,0.01833646185696125,0.08399444073438644,3.354626301188546e-07,0.10257070511579514,0.2273864597082138,0.11471252143383026,0.2287108451128006,0.08173404633998871,0.03645443916320801,0.1353876143693924,0.046426936984062195,0.14959631860256195,0.018111685290932655,0.08242115378379822,0.08771008998155594,0.2047518640756607,0.10671019554138184,0.21318508684635162,0.06420403718948364
15,0.05298672616481781,0.1611415594816208,0.0647185742855072,0.17567041516304016,0.018133142963051796,0.08258135616779327,3.354626301188546e-07,0.09276074916124344,0.21546876430511475,0.1014118567109108,0.215896338224411,0.07198580354452133,0.03135434910655022,0.12703414261341095,0.0395047552883625,0.13801546394824982,0.017938274890184402,0.08111101388931274,0.08043587952852249,0.1952911615371704,0.09388944506645203,0.20128513872623444,0.0569603256881237
16,0.04589550569653511,0.15000805258750916,0.0561564601957798,0.16372376680374146,0.01797209121286869,0.08142188936471939,3.354626301188546e-07,0.0848640501499176,0.20580123364925385,0.09063290804624557,0.20538045465946198,0.06424572318792343,0.029595447704195976,0.12369334697723389,0.03494972363114357,0.13014818727970123,0.017784923315048218,0.08006560057401657,0.07684677839279175,0.18999211490154266,0.08647157996892929,0.19188924133777618,0.0530477911233902
17,0.04008667171001434,0.1401454657316208,0.049181096255779266,0.1531716287136078,0.017795845866203308,0.08035999536514282,3.354626301188546e-07,0.07838226109743118,0.19733166694641113,0.08146136999130249,0.19550980627536774,0.05782970413565636,0.025136342272162437,0.11425916105508804,0.03074673004448414,0.12118667364120483,0.017564281821250916,0.07909590750932693,0.07035177946090698,0.17941971123218536,0.07656342536211014,0.18217439949512482,0.04738602042198181
18,0.03542843088507652,0.13183559477329254,0.04330633953213692,0.14368930459022522,0.01712082140147686,0.07923044264316559,3.354626301188546e-07,0.07246242463588715,0.18859218060970306,0.07402393221855164,0.18666648864746094,0.052386801689863205,0.0232393778860569,0.11045675724744797,0.028444303199648857,0.11697061359882355,0.016244906932115555,0.07773823291063309,0.06494192034006119,0.17180311679840088,0.06947320699691772,0.1737450510263443,0.04349672794342041
19,0.03111974522471428,0.12382553517818451,0.0382874496281147,0.1351805180311203,0.015387448482215405,0.0765249952673912,3.354626301188546e-07,0.06663094460964203,0.18080975115299225,0.06755848228931427,0.17791712284088135,0.047348033636808395,0.020842863246798515,0.10377231240272522,0.025444624945521355,0.11048690229654312,0.014678418636322021,0.07368427515029907,0.06089707463979721,0.16407884657382965,0.06363160163164139,0.16624300181865692,0.039901480078697205
20,0.02763928845524788,0.1167389526963234,0.034119606018066406,0.12825967371463776,0.014542773365974426,0.07302679866552353,3.354626301188546e-07,0.061936769634485245,0.17302919924259186,0.061185404658317566,0.16946673393249512,0.04305253177881241,0.02038412354886532,0.10402185469865799,0.02330373413860798,0.10587768256664276,0.014256543479859829,0.07112614065408707,0.056470416486263275,0.15813852846622467,0.05772654712200165,0.16005346179008484,0.03694973140954971
21,0.024700243026018143,0.11054541915655136,0.030165551230311394,0.12064440548419952,0.014216048642992973,0.07089253515005112,3.354626301188546e-07,0.057436276227235794,0.16615812480449677,0.0559324286878109,0.16166868805885315,0.03927438706159592,0.017996160313487053,0.09595610946416855,0.021436499431729317,0.10313621908426285,0.014004867523908615,0.06926701217889786,0.05400438979268074,0.1570000946521759,0.05288947373628616,0.15170851349830627,0.03432394936680794
22,0.022081172093749046,0.1049170270562172,0.026978470385074615,0.11473360657691956,0.013997008092701435,0.06931718438863754,3.354626301188546e-07,0.05361258611083031,0.1596442461013794,0.05141448974609375,0.15489031374454498,0.03606921806931496,0.016877975314855576,0.09252268821001053,0.020765895023941994,0.10097681730985641,0.013817867264151573,0.06796945631504059,0.05110897123813629,0.1482209712266922,0.05200740694999695,0.1502869427204132,0.03305284306406975
23,0.02012816071510315,0.10042799264192581,0.024570029228925705,0.1097697913646698,0.013826122507452965,0.06804890930652618,3.354626301188546e-07,0.04946984350681305,0.15230108797550201,0.046920906752347946,0.1474074274301529,0.033127617090940475,0.016403738409280777,0.09102625399827957,0.019048476591706276,0.09732252359390259,0.013667874038219452,0.06679145991802216,0.04709503799676895,0.14312240481376648,0.04701627418398857,0.14418181777000427,0.03051857464015484
24,0.018343718722462654,0.09621191769838333,0.021977797150611877,0.10417676717042923,0.013693022541701794,0.06698470562696457,3.354626301188546e-07,0.04603802040219307,0.14624524116516113,0.043064869940280914,0.14089392125606537,0.030489807948470116,0.015145009383559227,0.08695604652166367,0.01766924373805523,0.094607874751091,0.013556613586843014,0.06580091267824173,0.04340183362364769,0.1339467167854309,0.04208565130829811,0.13422134518623352,0.02797354757785797
25,0.016768328845500946,0.09215084463357925,0.02015629969537258,0.10009937733411789,0.013579943217337132,0.06606616079807281,3.354626301188546e-07,0.042873814702034,0.1407083123922348,0.039476361125707626,0.1343686729669571,0.028194844722747803,0.014570269733667374,0.08488103002309799,0.016020765528082848,0.08879590779542923,0.013435869477689266,0.06498772650957108,0.04113564267754555,0.13090267777442932,0.03720680624246597,0.12627184391021729,0.02585362084209919
26,0.0155149782076478,0.08909275382757187,0.018441030755639076,0.09607020020484924,0.01345057226717472,0.06521875411272049,3.354626301188546e-07,0.04025459662079811,0.135178342461586,0.03631219267845154,0.12893353402614594,0.026212699711322784,0.013205082155764103,0.08016414940357208,0.015571811236441135,0.0887317806482315,0.013318214565515518,0.06407172232866287,0.03977475315332413,0.1269775778055191,0.03435298427939415,0.12063319981098175,0.024485358968377113
27,0.014310437254607677,0.08578690141439438,0.016919871792197227,0.09231775999069214,0.013336724601686,0.06445248425006866,3.354626301188546e-07,0.03719840198755264,0.1295861005783081,0.033727940171957016,0.12350703030824661,0.024318911135196686,0.012665933929383755,0.0793495774269104,0.01425971370190382,0.08434521406888962,0.01322143990546465,0.0634094774723053,0.03697793558239937,0.11975333094596863,0.03212905302643776,0.11917473375797272,0.022929491475224495
28,0.01324545219540596,0.08302029967308044,0.015725789591670036,0.08893387019634247,0.013244887813925743,0.06382385641336441,3.354626301188546e-07,0.034742068499326706,0.12407279759645462,0.03131382167339325,0.11893102526664734,0.02270558290183544,0.013005397282540798,0.08077937364578247,0.01343294233083725,0.08193197101354599,0.013142944313585758,0.06283348798751831,0.03460288420319557,0.11515451967716217,0.03334399312734604,0.12868928909301758,0.022550970315933228
29,0.012361071072518826,0.08029317855834961,0.014576883055269718,0.08627241104841232,0.013151969760656357,0.06324596703052521,3.354626301188546e-07,0.032472383230924606,0.11939266324043274,0.029224252328276634,0.11484082043170929,0.021257948130369186,0.011877370066940784,0.0776757076382637,0.012922050431370735,0.08143121004104614,0.01304570585489273,0.06225943565368652,0.033449143171310425,0.11223877221345901,0.028722399845719337,0.11051280796527863,0.020873038098216057
30,0.011685849167406559,0.07842815667390823,0.013642332516610622,0.08358802646398544,0.01307189092040062,0.06270644068717957,3.354626301188546e-07,0.030612720176577568,0.1149291843175888,0.02721255086362362,0.11058808863162994,0.020016692578792572,0.010762668214738369,0.07288382202386856,0.012279587797820568,0.07837705314159393,0.012980852276086807,0.061825066804885864,0.031060099601745605,0.10751476883888245,0.026793276891112328,0.10665950924158096,0.019499601796269417
31,0.010965915396809578,0.07612059265375137,0.012792986817657948,0.08122864365577698,0.013013271614909172,0.0622469000518322,3.354626301188546e-07,0.02885766141116619,0.111080102622509,0.025428086519241333,0.10667894780635834,0.01886139065027237,0.011024116538465023,0.07495377212762833,0.012581742368638515,0.0827827975153923,0.012928451411426067,0.06140516325831413,0.029929641634225845,0.10429560393095016,0.0252135768532753,0.10386146605014801,0.019011391326785088
32,0.010468955151736736,0.07470323145389557,0.011972533538937569,0.07862960547208786,0.012962878681719303,0.061836086213588715,3.354626301188546e-07,0.027321038767695427,0.10745501518249512,0.02415112592279911,0.10420271009206772,0.017926838248968124,0.009927969425916672,0.07007279992103577,0.011070589534938335,0.07592121511697769,0.012883552350103855,0.06104050949215889,0.029087351635098457,0.10219500958919525,0.02359173446893692,0.10159631073474884,0.017865825444459915
33,0.009814933873713017,0.07214925438165665,0.011243277229368687,0.07653187215328217,0.012917445972561836,0.06146373227238655,3.354626301188546e-07,0.025948019698262215,0.10408248007297516,0.02266830950975418,0.10053978115320206,0.01696852780878544,0.009385358542203903,0.06808389723300934,0.010229519568383694,0.07238711416721344,0.012845058925449848,0.06063401326537132,0.027193233370780945,0.09806811809539795,0.024323303252458572,0.10309485346078873,0.017289072275161743
34,0.009300819598138332,0.07029718160629272,0.010652340948581696,0.07473313063383102,0.01287645660340786,0.06111828237771988,3.354626301188546e-07,0.024579506367444992,0.10091100633144379,0.021464044228196144,0.09776760637760162,0.016136901453137398,0.009504813700914383,0.06940597295761108,0.009816435165703297,0.07087836414575577,0.012801016680896282,0.06038161367177963,0.02633623778820038,0.09666596353054047,0.02212582528591156,0.10121378302574158,0.01653134636580944
35,0.008936775848269463,0.06907454133033752,0.010109156370162964,0.07264399528503418,0.012818465009331703,0.06077771261334419,3.354626301188546e-07,0.023321004584431648,0.09761112928390503,0.020320836454629898,0.09478794038295746,0.01538659818470478,0.008688348345458508,0.06515194475650787,0.009421435184776783,0.0693177878856659,0.012736986391246319,0.059999968856573105,0.02519223839044571,0.09270930290222168,0.020307067781686783,0.09399434179067612,0.015585746616125107
36,0.008495669811964035,0.0674869492650032,0.009596623480319977,0.07113395631313324,0.012765968218445778,0.06044424697756767,3.354626301188546e-07,0.02207556739449501,0.09438800811767578,0.019289212301373482,0.09253967553377151,0.014654426835477352,0.008891522884368896,0.06709125638008118,0.009322025813162327,0.0693630799651146,0.012707210145890713,0.05967037007212639,0.025291919708251953,0.09360593557357788,0.02061234787106514,0.0944596529006958,0.01569722779095173
37,0.00817583967000246,0.06609517335891724,0.009141036309301853,0.06930858641862869,0.012730413116514683,0.060153014957904816,3.354626301188546e-07,0.02115018665790558,0.09218280017375946,0.01853971928358078,0.09037242829799652,0.014099564403295517,0.008292400278151035,0.06397584080696106,0.008541380055248737,0.06631554663181305,0.012669680640101433,0.05940631404519081,0.02340569905936718,0.0881422758102417,0.018522851169109344,0.09021840244531631,0.014488491229712963
38,0.007747989147901535,0.0646466538310051,0.00870041735470295,0.067627914249897,0.012697514146566391,0.059885669499635696,3.354626301188546e-07,0.020173223689198494,0.08963324129581451,0.017662694677710533,0.08841706812381744,0.013483723625540733,0.008509586565196514,0.06589816510677338,0.00836061593145132,0.0659794732928276,0.012638146989047527,0.05916644260287285,0.022507594898343086,0.0859084278345108,0.018014315515756607,0.08714559674263,0.01417703740298748
39,0.007500051986426115,0.063718780875206,0.008291460573673248,0.06621387600898743,0.012665634974837303,0.059630896896123886,3.354626301188546e-07,0.019358167424798012,0.08715894818305969,0.016859330236911774,0.0863383412361145,0.012968595139682293,0.0077076987363398075,0.06110817566514015,0.008209862746298313,0.06526064872741699,0.012609103694558144,0.05892925709486008,0.02244824916124344,0.08736058324575424,0.017437633126974106,0.0855315551161766,0.013816680759191513
40,0.007263208739459515,0.06269717216491699,0.007947842590510845,0.0649644285440445,0.012633305974304676,0.059374526143074036,3.354626301188546e-07,0.018493428826332092,0.08484587073326111,0.01610085740685463,0.08385846018791199,0.012469524517655373,0.007457518018782139,0.060354311019182205,0.007538648322224617,0.062199175357818604,0.012578940019011497,0.058707717806100845,0.021014831960201263,0.08192112296819687,0.0165946613997221,0.0840364620089531,0.013094165362417698
41,0.006989459507167339,0.061506934463977814,0.007609118707478046,0.0636395588517189,0.012597332708537579,0.05913062393665314,3.354626301188546e-07,0.017792323604226112,0.08301948755979538,0.015503758564591408,0.08251883089542389,0.012036042287945747,0.007174765691161156,0.059392645955085754,0.0073907882906496525,0.062327343970537186,0.012529820203781128,0.05843948945403099,0.021091533824801445,0.08249295502901077,0.016118083149194717,0.08235025405883789,0.012902392074465752
42,0.006783653050661087,0.06067270413041115,0.007355192676186562,0.06265134364366531,0.012536304071545601,0.058884236961603165,3.354626301188546e-07,0.016967153176665306,0.08108852058649063,0.014859429560601711,0.08044775575399399,0.01159585826098919,0.008417082019150257,0.06656239181756973,0.009032059460878372,0.0713711529970169,0.012464234605431557,0.05828450247645378,0.02013581059873104,0.07983850687742233,0.015500995330512524,0.08049087226390839,0.013190760277211666
43,0.00649391720071435,0.059335872530937195,0.0070928423665463924,0.061424266546964645,0.011953987181186676,0.05992633104324341,3.354626301188546e-07,0.016363749280571938,0.07940858602523804,0.014301707968115807,0.07867108285427094,0.01115212868899107,0.006752644199877977,0.05740969628095627,0.007054040674120188,0.060316234827041626,0.01064115110784769,0.059721801429986954,0.019294243305921555,0.07750485837459564,0.01634344831109047,0.083765909075737,0.012189101427793503
44,0.006272798869758844,0.0584331713616848,0.006812474690377712,0.060097042471170425,0.009547385387122631,0.05794129893183708,3.354626301188546e-07,0.015837205573916435,0.07774834334850311,0.013867615722119808,0.07763119041919708,0.01058250106871128,0.006690025795251131,0.0571071021258831,0.006534426473081112,0.05789894610643387,0.007972823455929756,0.05519416928291321,0.020436305552721024,0.08292855322360992,0.016485078260302544,0.08938626199960709,0.012080095708370209
45,0.006146945524960756,0.05783390626311302,0.00656161829829216,0.059086889028549194,0.007002918515354395,0.05169912800192833,3.354626301188546e-07,0.015245785936713219,0.07610151171684265,0.013241218402981758,0.0757499486207962,0.009969293139874935,0.006572915241122246,0.057201169431209564,0.006922356318682432,0.060480184853076935,0.0060288975946605206,0.048084866255521774,0.018247580155730247,0.07454893738031387,0.013952966779470444,0.07630793750286102,0.010884447954595089
46,0.005891928914934397,0.056663934141397476,0.006331693381071091,0.058267466723918915,0.005529722664505243,0.04573816433548927,3.354626301188546e-07,0.014757538214325905,0.07477154582738876,0.012828227132558823,0.07463257759809494,0.009510085918009281,0.006316269747912884,0.05559471249580383,0.006152947898954153,0.056322064250707626,0.005104433745145798,0.04319744184613228,0.017854951322078705,0.07357891649007797,0.013618476688861847,0.07594380527734756,0.010397539474070072
47,0.005675840191543102,0.05571858584880829,0.006175636313855648,0.05749712884426117,0.004324913490563631,0.04123251885175705,3.354626301188546e-07,0.014242307282984257,0.07342850416898727,0.012416242621839046,0.07313960790634155,0.009097238071262836,0.00624424684792757,0.05553577095270157,0.006136934272944927,0.056101877242326736,0.003494886914268136,0.038352999836206436,0.019203558564186096,0.08166119456291199,0.013329059816896915,0.073955237865448,0.010455092415213585
48,0.0055316719226539135,0.0550471656024456,0.005929699167609215,0.056306105107069016,0.003229812951758504,0.03650719299912453,3.354626301188546e-07,0.013776949606835842,0.07173154503107071,0.012056369334459305,0.0723811686038971,0.008714280091226101,0.005958749912679195,0.05356334149837494,0.0061470200307667255,0.0561007559299469,0.002961748046800494,0.03431347385048866,0.017000731080770493,0.0710880309343338,0.013016324490308762,0.07396282255649567,0.009773808531463146
49,0.005429871845990419,0.05446372553706169,0.005770676303654909,0.055695436894893646,0.0028174417093396187,0.03305121511220932,3.354626301188546e-07,0.013290371745824814,0.0708853229880333,0.011634823866188526,0.07104655355215073,0.008410037495195866,0.0059188129380345345,0.053678423166275024,0.005632991436868906,0.053977202624082565,0.002643723739311099,0.03128083050251007,0.016476484015583992,0.06998586654663086,0.01268881093710661,0.07314827293157578,0.009425719268620014
50,0.005248012952506542,0.05363311618566513,0.005617556162178516,0.05492204427719116,0.0025588853750377893,0.03048020415008068,3.354626301188546e-07,0.012868019752204418,0.06938465684652328,0.011266854591667652,0.06960591673851013,0.00813098531216383,0.0057945228181779385,0.053191713988780975,0.005837705451995134,0.05504272133111954,0.0024382176343351603,0.02912300080060959,0.01619371771812439,0.06962962448596954,0.013162738643586636,0.0734705850481987,0.009466276504099369
51,0.005122211761772633,0.05311564356088638,0.005417936947196722,0.05401859059929848,0.002389919478446245,0.02862527407705784,3.354626301188546e-07,0.012469906359910965,0.0679837316274643,0.01093324925750494,0.06878580898046494,0.007876239717006683,0.005613183137029409,0.051970016211271286,0.0053731221705675125,0.052902549505233765,0.0023034410551190376,0.027426814660429955,0.016278618946671486,0.07042305916547775,0.0118330093100667,0.07012193650007248,0.009027381427586079
52,0.004998590797185898,0.05248483642935753,0.005262346938252449,0.05309977009892464,0.002271748147904873,0.02728681080043316,3.354626301188546e-07,0.012156975455582142,0.06744299829006195,0.0106139425188303,0.06788047403097153,0.0076593514531850815,0.005551532376557589,0.051603857427835464,0.005745498463511467,0.05533212050795555,0.002196845831349492,0.026383496820926666,0.015598844736814499,0.06758328527212143,0.012259304523468018,0.07375800609588623,0.009029600769281387
53,0.00486038951203227,0.051829807460308075,0.005067940801382065,0.05220293998718262,0.0021742561366409063,0.026272477582097054,3.354626301188546e-07,0.01175196748226881,0.06622912734746933,0.010270636528730392,0.06664959341287613,0.007406394463032484,0.005721767898648977,0.0523112416267395,0.0050418139435350895,0.05093477666378021,0.0021127841901034117,0.025377091020345688,0.01527575682848692,0.06721194088459015,0.011632110923528671,0.0692640021443367,0.008687353692948818
54,0.004689151421189308,0.0508345365524292,0.004961060825735331,0.051719896495342255,0.002103268401697278,0.025467505678534508,3.354626301188546e-07,0.011379530653357506,0.06496202945709229,0.009991180151700974,0.0654788464307785,0.007190037984400988,0.00549046415835619,0.05163845047354698,0.004948294255882502,0.050769492983818054,0.002053699688985944,0.02460392750799656,0.01678195409476757,0.07669647783041,0.011135635897517204,0.06776589900255203,0.008835545741021633
55,0.004609833005815744,0.0505329966545105,0.004829011391848326,0.05101528391242027,0.0020480805542320013,0.02481991983950138,3.354626301188546e-07,0.011094014160335064,0.06411755830049515,0.00976715236902237,0.06508629024028778,0.007022309582680464,0.005182206630706787,0.049716297537088394,0.004859770182520151,0.0502396859228611,0.0020030273590236902,0.024038802832365036,0.014535910449922085,0.06507045030593872,0.011277704499661922,0.06909636408090591,0.008267811499536037
56,0.004527085926383734,0.05000543221831322,0.004741929471492767,0.05054841190576553,0.0020015984773635864,0.024274716153740883,3.354626301188546e-07,0.010793140158057213,0.06321249157190323,0.00946841947734356,0.06435371935367584,0.006844541057944298,0.0051285335794091225,0.0492374561727047,0.005145308095961809,0.05244288966059685,0.0019603013060986996,0.023598380386829376,0.014074893668293953,0.06319411098957062,0.010957056656479836,0.0676538497209549,0.008139831945300102
57,0.004414041060954332,0.049356307834386826,0.004614459350705147,0.049996159970760345,0.001961194910109043,0.023808902129530907,3.354626301188546e-07,0.01051471196115017,0.06251809746026993,0.009200501255691051,0.06326816976070404,0.006663456559181213,0.005092639941722155,0.049301568418741226,0.004584896843880415,0.04851043224334717,0.001923165051266551,0.023110486567020416,0.013908497989177704,0.06279997527599335,0.010263347066938877,0.0651635229587555,0.007808426860719919
58,0.00429156981408596,0.048782091587781906,0.0044714342802762985,0.049136076122522354,0.0019257847452536225,0.023394761607050896,3.354626301188546e-07,0.01025081891566515,0.06154908239841461,0.00898425467312336,0.06234148517251015,0.006492143962532282,0.0055188084952533245,0.052778858691453934,0.004687956068664789,0.04960097745060921,0.0018896429101005197,0.022753452882170677,0.013626772910356522,0.06206352263689041,0.010266618803143501,0.0648253858089447,0.00786149874329567
59,0.004173239693045616,0.04799824208021164,0.004391695372760296,0.048828233033418655,0.0018945749616250396,0.02302493341267109,3.354626301188546e-07,0.010018458589911461,0.06132359802722931,0.008734803646802902,0.061777107417583466,0.006336054299026728,0.00528629869222641,0.05117419362068176,0.004440534859895706,0.04770955070853233,0.001861761906184256,0.022393248975276947,0.01440711971372366,0.06852472573518753,0.009859009645879269,0.06341884285211563,0.007834593765437603
60,0.00413921196013689,0.04801241680979729,0.004277320113033056,0.048203419893980026,0.0018664590315893292,0.022687837481498718,3.354626301188546e-07,0.009787432849407196,0.06027599051594734,0.008489581756293774,0.060744598507881165,0.006192697212100029,0.004803171847015619,0.0476439893245697,0.0044985259883105755,0.048731282353401184,0.001835628179833293,0.022039838135242462,0.013153605163097382,0.06054151803255081,0.010996579192578793,0.06780163198709488,0.00771023565903306
61,0.004029077012091875,0.047246016561985016,0.004153030924499035,0.047568026930093765,0.0018408212345093489,0.022378386929631233,3.354626301188546e-07,0.0094804922118783,0.05933619290590286,0.008328641764819622,0.06026249751448631,0.006032112054526806,0.004755891393870115,0.0472441092133522,0.004348378628492355,0.04703937843441963,0.0018110581440851092,0.02177211456000805,0.012946303933858871,0.06021755188703537,0.009479716420173645,0.06199771910905838,0.007275422103703022
62,0.0039041924756020308,0.04652778431773186,0.0040911477990448475,0.04734525829553604,0.0018168988171964884,0.02209002897143364,3.354626301188546e-07,0.009299063123762608,0.05903664231300354,0.008141600526869297,0.059685926884412766,0.005904790945351124,0.0046441336162388325,0.04674990847706795,0.00418044114485383,0.04658110439777374,0.0017916124779731035,0.02149006351828575,0.012898783199489117,0.06039121374487877,0.009402800351381302,0.06343330442905426,0.007182544097304344
63,0.0038383586797863245,0.04620915651321411,0.004053883254528046,0.04705123230814934,0.0017950774636119604,0.021822171285748482,3.354626301188546e-07,0.009008965454995632,0.057646993547677994,0.00787734892219305,0.05893674120306969,0.005754688289016485,0.00462441798299551,0.04655284807085991,0.004122826736420393,0.04626007750630379,0.0017684086924418807,0.021229086443781853,0.01286515686661005,0.06037956848740578,0.009715268388390541,0.06450443714857101,0.007225566543638706
64,0.0037700000684708357,0.04586201161146164,0.003920184448361397,0.04621907323598862,0.001774866133928299,0.021570876240730286,3.354626301188546e-07,0.008877376094460487,0.05717344582080841,0.00771209504455328,0.058102499693632126,0.005640411749482155,0.004833329934626818,0.04795678332448006,0.004106984473764896,0.04630659148097038,0.0017491993494331837,0.02099129930138588,0.012558938935399055,0.06029008328914642,0.00904564093798399,0.06211884319782257,0.0070475200191140175
65,0.003702003275975585,0.04547275975346565,0.0038294754922389984,0.0457354299724102,0.0017554564401507378,0.02133280038833618,3.354626301188546e-07,0.0087128896266222,0.056981295347213745,0.007495727390050888,0.05728593468666077,0.005517067853361368,0.004511643201112747,0.04609907045960426,0.004155323375016451,0.04681237041950226,0.001731228199787438,0.02077365480363369,0.012375375255942345,0.059131983667612076,0.009171102195978165,0.06355145573616028,0.006971148308366537
66,0.0036455702502280474,0.04513968154788017,0.003766472917050123,0.04535696282982826,0.0017379821510985494,0.021115470677614212,3.354626301188546e-07,0.008438878692686558,0.05573839694261551,0.007312594447284937,0.05673274025321007,0.005385588388890028,0.004459447227418423,0.04571373015642166,0.0038724159821867943,0.04479963704943657,0.0017152855871245265,0.02055530808866024,0.012347239069640636,0.0583941750228405,0.008622981607913971,0.05952338129281998,0.006764497607946396
67,0.003593574045225978,0.04482730105519295,0.003697385312989354,0.04497319087386131,0.0017209898214787245,0.020904770120978355,3.354626301188546e-07,0.008243316784501076,0.055502790957689285,0.00713391462340951,0.05612575635313988,0.005272446200251579,0.004475664347410202,0.046034518629312515,0.003970753867179155,0.04569173976778984,0.0017030597664415836,0.020316386595368385,0.011901705525815487,0.057350169867277145,0.008521616458892822,0.06059148162603378,0.006665999069809914
68,0.003518511075526476,0.04438939690589905,0.003626198275014758,0.04459942877292633,0.0017052337061613798,0.02070317044854164,3.354626301188546e-07,0.008086727932095528,0.054775215685367584,0.007017289754003286,0.055801279842853546,0.005176486447453499,0.004369376227259636,0.04506785422563553,0.004015413578599691,0.04599802941083908,0.0016844527563080192,0.02019420638680458,0.011792839504778385,0.057395998388528824,0.009374924004077911,0.06693016737699509,0.0068177697248756886
69,0.003423623740673065,0.04382062703371048,0.0035406015813350677,0.04394276812672615,0.0016901141498237848,0.020515786483883858,3.354626301188546e-07,0.007947979494929314,0.05457817018032074,0.006823964416980743,0.05504107102751732,0.005059652961790562,0.0043674008920788765,0.04565569385886192,0.003780726809054613,0.044558923691511154,0.0016710374038666487,0.02005664072930813,0.012088360264897346,0.059533003717660904,0.008489423431456089,0.060034435242414474,0.006630431395024061
70,0.0033984531182795763,0.04365736246109009,0.00347921927459538,0.04366413503885269,0.0016756862169131637,0.020333988592028618,3.354626301188546e-07,0.00773215526714921,0.05362490937113762,0.006678959354758263,0.05427946895360947,0.004957553930580616,0.004377901554107666,0.04555574804544449,0.003787544323131442,0.04475066438317299,0.0016564367106184363,0.019849583506584167,0.011517138220369816,0.05637256056070328,0.008366333320736885,0.05974361672997475,0.006476650480180979
71,0.003312691580504179,0.043124422430992126,0.0034399954602122307,0.04349714517593384,0.001661899033933878,0.020163655281066895,3.354626301188546e-07,0.0075773517601192,0.05324328690767288,0.0065197874791920185,0.05376462638378143,0.004857403226196766,0.004189092665910721,0.04421420022845268,0.004700548015534878,0.05172320082783699,0.0016433516284450889,0.019672516733407974,0.01113178301602602,0.05405469238758087,0.007819106802344322,0.05728510022163391,0.006428454536944628
72,0.003258651588112116,0.042754676192998886,0.0033984575420618057,0.043246008455753326,0.001648836536332965,0.01999608986079693,3.354626301188546e-07,0.007388260215520859,0.05253053084015846,0.006380866747349501,0.05316022410988808,0.004760787822306156,0.004593051970005035,0.046727150678634644,0.0035703512839972973,0.04304189234972,0.001632249215617776,0.019502023234963417,0.011045463383197784,0.0536106713116169,0.008060518652200699,0.05945877358317375,0.006298835389316082
73,0.003202141961082816,0.04253675043582916,0.00333305518142879,0.04288606345653534,0.0016364228213205934,0.019839059561491013,3.354626301188546e-07,0.007320860866457224,0.05232652649283409,0.0062809777446091175,0.05305681377649307,0.004694472998380661,0.004458174575120211,0.04610222950577736,0.0037021569442003965,0.04481731727719307,0.0016215642681345344,0.01931327022612095,0.013382485136389732,0.06959977746009827,0.007472222670912743,0.056145571172237396,0.0066905394196510315
74,0.003144675400108099,0.04208680987358093,0.0032700197771191597,0.04254152253270149,0.0016242355341091752,0.01968379318714142,3.354626301188546e-07,0.007152230944484472,0.05188080668449402,0.006166283506900072,0.05256209895014763,0.004602393601089716,0.004112012684345245,0.043781764805316925,0.0044368961825966835,0.04964491352438927,0.0016120176296681166,0.019182467833161354,0.010698764584958553,0.052599113434553146,0.007395017892122269,0.05583147704601288,0.006155808921903372
75,0.0031043163035064936,0.04185868054628372,0.003196209203451872,0.04192259907722473,0.0016123484820127487,0.019534209743142128,3.354626301188546e-07,0.007018999196588993,0.05105049908161163,0.006001572590321302,0.05175396427512169,0.00450848089531064,0.004065354820340872,0.043464332818984985,0.0035444526001811028,0.043221812695264816,0.0015971807297319174,0.019056471064686775,0.010729418136179447,0.05338069424033165,0.008128752000629902,0.062230538576841354,0.00611501419916749
76,0.0030214169528335333,0.04129185900092125,0.0031170269940048456,0.04129606485366821,0.001601151772774756,0.01939317211508751,3.354626301188546e-07,0.006859271787106991,0.050435397773981094,0.0059265634045004845,0.05170488730072975,0.0044180769473314285,0.0041601574048399925,0.044191356748342514,0.003582002129405737,0.04384293407201767,0.0015856799436733127,0.018943414092063904,0.01060507632791996,0.05376182869076729,0.007955959998071194,0.060736555606126785,0.006076788064092398
77,0.0030240584164857864,0.04138146713376045,0.0030786916613578796,0.041256118565797806,0.0015902884770184755,0.01925637014210224,3.354626301188546e-07,0.006717964541167021,0.050163790583610535,0.005811452865600586,0.05106526240706444,0.004351262003183365,0.003944011405110359,0.04284720495343208,0.0037059858441352844,0.045061852782964706,0.0015765109565109015,0.018873797729611397,0.010280102491378784,0.05218666046857834,0.007033622823655605,0.054475583136081696,0.005774489603936672
78,0.002941393991932273,0.04081111401319504,0.0030463014263659716,0.04107246547937393,0.0015798386884853244,0.01912412978708744,3.354626301188546e-07,0.006614667363464832,0.04982161894440651,0.005630843807011843,0.05040094256401062,0.004260452464222908,0.0040017347782850266,0.043164439499378204,0.003287423634901643,0.041586343199014664,0.0015659452183172107,0.018698593601584435,0.010250323452055454,0.0518515482544899,0.007205890491604805,0.05543597787618637,0.005724302027374506
79,0.002915607765316963,0.04068884253501892,0.0029969136230647564,0.04083129018545151,0.0015695210313424468,0.018993575125932693,3.354626301188546e-07,0.006496051326394081,0.04947362467646599,0.0055160862393677235,0.049875658005476,0.00419000256806612,0.004732143133878708,0.049195222556591034,0.0035656734835356474,0.043682798743247986,0.0015570000978186727,0.018529891967773438,0.01003248244524002,0.05206238850951195,0.006924005690962076,0.053652964532375336,0.005837918259203434
80,0.002849034033715725,0.04016862064599991,0.0029528753366321325,0.04046943411231041,0.0015596143202856183,0.018865952268242836,3.354626301188546e-07,0.0063764117658138275,0.04911936819553375,0.005389892030507326,0.04902980476617813,0.004108802415430546,0.0038706613704562187,0.0424397811293602,0.003631910076364875,0.044244665652513504,0.0015473070088773966,0.018451929092407227,0.010738760232925415,0.054373849183321,0.007726791314780712,0.05749402940273285,0.0059975567273795605
81,0.0028174074832350016,0.039987046271562576,0.0028842431493103504,0.04008354991674423,0.0015501925954595208,0.01874593272805214,3.354626301188546e-07,0.006230552215129137,0.048567723482847214,0.0052996352314949036,0.04906647279858589,0.004032183438539505,0.003771031042560935,0.04172775149345398,0.0031579448841512203,0.04065544903278351,0.0015404524747282267,0.018297959119081497,0.009915539063513279,0.051752280443906784,0.006678685080260038,0.05368513613939285,0.005446766037493944
82,0.0027733752503991127,0.039702270179986954,0.0028170759323984385,0.039632219821214676,0.0015411654021590948,0.0186277125030756,3.354626301188546e-07,0.006125806365162134,0.04819510504603386,0.005261113867163658,0.048671118915081024,0.00397402374073863,0.003890509717166424,0.042521629482507706,0.003110242076218128,0.04025113210082054,0.0015297585632652044,0.018224358558654785,0.00962531566619873,0.05028762295842171,0.006564691197127104,0.05284319445490837,0.005370896775275469
83,0.0026988645549863577,0.039036285132169724,0.0028124991804361343,0.03958979249000549,0.0015321458922699094,0.01850808784365654,3.354626301188546e-07,0.006031577475368977,0.047788575291633606,0.005132518708705902,0.04837958142161369,0.0039051957428455353,0.00397265050560236,0.042972251772880554,0.003316833870485425,0.041994862258434296,0.0015225219540297985,0.018198490142822266,0.009594730101525784,0.04985978081822395,0.007418629713356495,0.05641971528530121,0.0056203920394182205
84,0.0026864497922360897,0.03913496062159538,0.0027513003442436457,0.03916987404227257,0.0015236235922202468,0.018400391563773155,3.354626301188546e-07,0.005912132561206818,0.04744211584329605,0.005079390946775675,0.04809799790382385,0.003848951542750001,0.0036770773585885763,0.04104812443256378,0.0033983541652560234,0.04235796630382538,0.0015149207320064306,0.01797572895884514,0.00944426842033863,0.04953625053167343,0.006642478518188,0.05220891535282135,0.005362981464713812
85,0.002678708406165242,0.038963187485933304,0.002719940384849906,0.03890485316514969,0.0015155303990468383,0.018289990723133087,3.354626301188546e-07,0.005802779458463192,0.046726398169994354,0.004959313198924065,0.04743066430091858,0.003787718014791608,0.0037140343338251114,0.04144050553441048,0.0030667728278785944,0.040291547775268555,0.0015076209092512727,0.017863281071186066,0.009318786673247814,0.04896017163991928,0.006460449192672968,0.052437543869018555,0.005226769484579563
86,0.002642580308020115,0.038706500083208084,0.0026715348940342665,0.0384373664855957,0.001507344888523221,0.018184667453169823,3.354626301188546e-07,0.00571022555232048,0.046411871910095215,0.004864357877522707,0.047091152518987656,0.0037256916984915733,0.003681484144181013,0.041220348328351974,0.0035292913671582937,0.04356074333190918,0.0015009422786533833,0.017791777849197388,0.00936960056424141,0.04996084049344063,0.006425682455301285,0.05178935453295708,0.005326456855982542
87,0.0025777877308428288,0.03829490393400192,0.0026333003770560026,0.038346365094184875,0.0014943490969017148,0.01808156445622444,3.354626301188546e-07,0.0055872234515845776,0.04619980603456497,0.004778411239385605,0.04679230973124504,0.0036541998852044344,0.0037348156329244375,0.04184335470199585,0.003074061358347535,0.0404670387506485,0.0014794894959777594,0.017691582441329956,0.010023747570812702,0.05363111570477486,0.006257606670260429,0.051820058375597,0.005343251395970583
88,0.002524356124922633,0.03792223334312439,0.002602742984890938,0.038047004491090775,0.0014771543210372329,0.017968740314245224,3.354626301188546e-07,0.005551850888878107,0.046204838901758194,0.004664808977395296,0.046109639108181,0.003600059077143669,0.0035370653495192528,0.040271591395139694,0.0030404289718717337,0.03997247293591499,0.001468023518100381,0.01757602021098137,0.00901693943887949,0.047960128635168076,0.006106351036578417,0.05123554915189743,0.005029479041695595
89,0.0025041045155376196,0.03775652125477791,0.002566876821219921,0.03789603337645531,0.001466058660298586,0.017856480553746223,3.354626301188546e-07,0.005431880243122578,0.04566292092204094,0.004610994830727577,0.0460304394364357,0.0035472221206873655,0.00352277560159564,0.04019058868288994,0.0029666998889297247,0.03974465653300285,0.0014567802427336574,0.017529504373669624,0.009087521582841873,0.04969104006886482,0.006277470383793116,0.05137603357434273,0.005062932148575783
90,0.002460078103467822,0.03745134174823761,0.0025404812768101692,0.03775191307067871,0.0014568291371688247,0.017749736085534096,3.354626301188546e-07,0.005308859050273895,0.04486887902021408,0.004508411046117544,0.04554750397801399,0.0034796942491084337,0.0037417106796056032,0.042065203189849854,0.0030818211380392313,0.04069813713431358,0.001447741175070405,0.01737944781780243,0.008863838389515877,0.04741234332323074,0.006553731393069029,0.05614692345261574,0.005149021279066801
91,0.002465571742504835,0.03756099194288254,0.002457910915836692,0.037175167351961136,0.0014484483981505036,0.017640259116888046,3.354626301188546e-07,0.005262050312012434,0.04491083696484566,0.004474590066820383,0.045596860349178314,0.0034433722030371428,0.003505073022097349,0.04020030051469803,0.002918325364589691,0.03923694044351578,0.0014405394904315472,0.017302051186561584,0.00871782936155796,0.047180090099573135,0.005759806372225285,0.049817051738500595,0.004846786614507437
92,0.0024099894799292088,0.03705335780978203,0.002437141491100192,0.036832500249147415,0.0013206194853410125,0.017491942271590233,3.354626301188546e-07,0.005141598638147116,0.04444180801510811,0.004421029705554247,0.04522107541561127,0.003374256193637848,0.0035303677432239056,0.04018833488225937,0.0028419294394552708,0.03856832906603813,0.0011669276282191277,0.017024219036102295,0.008732370100915432,0.048099420964717865,0.005804881453514099,0.04984632134437561,0.00482134148478508
93,0.0023587702307850122,0.03680264204740524,0.0023909956216812134,0.036583852022886276,0.0011081644333899021,0.0170795526355505,3.354626301188546e-07,0.005081678740680218,0.04419928416609764,0.004376606084406376,0.04516690596938133,0.003307628445327282,0.0034568109549582005,0.03971502557396889,0.0027882051654160023,0.038229674100875854,0.0010600794339552522,0.016542011871933937,0.008494063280522823,0.0471535325050354,0.00562333082780242,0.04895281046628952,0.004687549080699682
94,0.0023411938454955816,0.03661716356873512,0.002409986685961485,0.03666292876005173,0.001045440323650837,0.016672547906637192,3.354626301188546e-07,0.004993688780814409,0.04384944215416908,0.004215529188513756,0.04425423964858055,0.0032456296030431986,0.0033534325193613768,0.0391000472009182,0.0028254911303520203,0.038740191608667374,0.0010253558866679668,0.016195310279726982,0.008447855710983276,0.04631499946117401,0.00566801056265831,0.04886411130428314,0.004668863490223885
95,0.002303654793649912,0.03628871589899063,0.002349125687032938,0.03628133609890938,0.0010216566734015942,0.016372064128518105,3.354626301188546e-07,0.004933346062898636,0.0436270572245121,0.004157352261245251,0.043957266956567764,0.003194445976987481,0.0034321811981499195,0.03986011818051338,0.002721172058954835,0.03787153586745262,0.0010107856942340732,0.01592392288148403,0.008376342244446278,0.046332214027643204,0.005547901149839163,0.048839401453733444,0.004618535749614239
96,0.0022594158072024584,0.03600229695439339,0.002329258481040597,0.036232784390449524,0.0010087918490171432,0.01617022417485714,3.354626301188546e-07,0.0048452503979206085,0.043176062405109406,0.004133640788495541,0.044053517282009125,0.0031535786110907793,0.003379885572940111,0.03942518308758736,0.002943057334050536,0.03909565135836601,0.0009988175006583333,0.015797561034560204,0.0082304198294878,0.046145301312208176,0.005623016972094774,0.04984773322939873,0.004639570135623217
97,0.002276020823046565,0.03610771894454956,0.0022770995274186134,0.03586757928133011,0.000999086070805788,0.016024531796574593,3.354626301188546e-07,0.004779675044119358,0.043204959481954575,0.004040575586259365,0.043435387313365936,0.003108914941549301,0.003665048163384199,0.04155424237251282,0.0026768932584673166,0.03749357908964157,0.00099368451628834,0.01564657688140869,0.008189518935978413,0.04586106911301613,0.005462838802486658,0.04834279417991638,0.0045980834402143955
98,0.002207633573561907,0.03561581298708916,0.002259953645989299,0.035585880279541016,0.0009914098773151636,0.01590588502585888,3.354626301188546e-07,0.004638670478016138,0.04240310564637184,0.004028491210192442,0.043597955256700516,0.0030544588807970285,0.0032853628508746624,0.03855795040726662,0.0029030502773821354,0.03978157415986061,0.0009834967786446214,0.0155342323705554,0.008336029015481472,0.04590447247028351,0.005715024191886187,0.05117585137486458,0.004652231000363827
99,0.0022084282245486975,0.035581137984991074,0.0022396317217499018,0.03549041971564293,0.0009843074949458241,0.015806186944246292,3.354626301188546e-07,0.004650463815778494,0.04263021796941757,0.0039055475499480963,0.04268817603588104,0.0030243471264839172,0.0034714394714683294,0.040291305631399155,0.0026864625979214907,0.03776557371020317,0.000977863441221416,0.015426907688379288,0.008443712256848812,0.048898596316576004,0.005604980047792196,0.04899217560887337,0.004644270054996014
100,0.002158170100301504,0.035258613526821136,0.0021945687476545572,0.035136204212903976,0.0009779956890270114,0.015714194625616074,3.354626301188546e-07,0.004583883564919233,0.042455192655324936,0.003874512854963541,0.04255165532231331,0.0029803053475916386,0.0032414570450782776,0.03836159035563469,0.002622167346999049,0.03714613988995552,0.000970163440797478,0.015359141863882542,0.008269540034234524,0.048042383044958115,0.006199394818395376,0.05532655864953995,0.004671841859817505
101,0.002141932025551796,0.03503549471497536,0.002163628814741969,0.03491543233394623,0.0009718303335830569,0.01562647894024849,3.354626301188546e-07,0.004453863482922316,0.04172014817595482,0.0037804648745805025,0.042100030928850174,0.002918655052781105,0.00348967919126153,0.04006000980734825,0.0031917779706418514,0.04145455360412598,0.000967434432823211,0.015270418487489223,0.007930858060717583,0.04467678442597389,0.005310464650392532,0.0475950613617897,0.0045793685130774975
102,0.002105163177475333,0.034791670739650726,0.0021331084426492453,0.034715935587882996,0.0009661319782026112,0.015542593784630299,3.354626301188546e-07,0.004415568429976702,0.0414854921400547,0.0037320698611438274,0.04191357642412186,0.002883444307371974,0.0033295650500804186,0.039147645235061646,0.002640791703015566,0.03740860894322395,0.0009608895634301007,0.015208368189632893,0.008035794831812382,0.047334857285022736,0.0052733831107616425,0.047597967088222504,0.004433983005583286
103,0.002095587318763137,0.03473940119147301,0.0021043007727712393,0.03444201499223709,0.0009606824023649096,0.015466038137674332,3.354626301188546e-07,0.00437957514077425,0.04142339155077934,0.0036750829312950373,0.04170040041208267,0.0028533434960991144,0.003171446267515421,0.03832417353987694,0.002578243613243103,0.036798615008592606,0.0009570497204549611,0.015093286521732807,0.008065488189458847,0.04774632677435875,0.005606879945844412,0.05108549818396568,0.004465667996555567
104,0.002036248566582799,0.03424207866191864,0.002097689313814044,0.03437273949384689,0.0009554707212373614,0.015386614017188549,3.354626301188546e-07,0.00427720881998539,0.04092896729707718,0.0036318593192845583,0.04142759367823601,0.002805224386975169,0.003155909013003111,0.03783736750483513,0.0026445176918059587,0.037653710693120956,0.0009490317315794528,0.015069002285599709,0.008016074076294899,0.04620572552084923,0.00546601228415966,0.05099011957645416,0.004433469381183386
105,0.0020267728250473738,0.034190282225608826,0.0020794000010937452,0.03431406989693642,0.0009504040936008096,0.015316370874643326,3.354626301188546e-07,0.004207329358905554,0.04078769311308861,0.0035763022024184465,0.041373856365680695,0.002770249266177416,0.0032056912314146757,0.03875218704342842,0.0025529556442052126,0.03638644143939018,0.0009447854245081544,0.014969882555305958,0.007567527703940868,0.044632378965616226,0.004957822151482105,0.04613373056054115,0.004208376165479422
106,0.00202290085144341,0.03421952202916145,0.002047032117843628,0.034005213528871536,0.0009454371174797416,0.015243299305438995,3.354626301188546e-07,0.004144721664488316,0.040685832500457764,0.003514587413519621,0.04087978973984718,0.0027336219791322947,0.003121458226814866,0.03792187198996544,0.002521004294976592,0.03654354438185692,0.000940532423555851,0.014908835291862488,0.007558802142739296,0.04445399343967438,0.005171395838260651,0.047398004680871964,0.00422790227457881
107,0.0019600496161729097,0.033569857478141785,0.0020167084876447916,0.033865172415971756,0.000940596975851804,0.015173027291893959,3.354626301188546e-07,0.0040832203812897205,0.040224283933639526,0.0034497410524636507,0.04039662331342697,0.0026837470941245556,0.0031419440638273954,0.03796655312180519,0.0024647086393088102,0.036021143198013306,0.0009355951333418489,0.014849215745925903,0.00886805821210146,0.05581620708107948,0.005874308291822672,0.05470011383295059,0.004672089591622353
108,0.0019929511472582817,0.03393179178237915,0.0019846779759973288,0.0335652157664299,0.0009362679556943476,0.015107229351997375,3.354626301188546e-07,0.004038307815790176,0.04012765735387802,0.003415070241317153,0.04042509198188782,0.0026656039990484715,0.0030630556866526604,0.037220340222120285,0.002673892304301262,0.03776482865214348,0.000931288639549166,0.014784754253923893,0.007405951153486967,0.04409996047616005,0.004888886120170355,0.04602658376097679,0.004150279797613621
109,0.0019682978745549917,0.033795710653066635,0.001979279797524214,0.03345097601413727,0.0009314256603829563,0.015040581114590168,3.354626301188546e-07,0.003983793780207634,0.039748840034008026,0.003361897310242057,0.040106840431690216,0.002634130883961916,0.00301280221901834,0.03706838935613632,0.002656322903931141,0.03784692659974098,0.0009294645860791206,0.01470012404024601,0.007298851385712624,0.04354341700673103,0.005227604880928993,0.04977213591337204,0.0041869524866342545
110,0.0019214007770642638,0.03336980566382408,0.0019367302302271128,0.033107608556747437,0.0009272007155232131,0.014977418817579746,3.354626301188546e-07,0.003881896147504449,0.0393020324409008,0.0032874082680791616,0.03973381966352463,0.002573894103989005,0.0029734447598457336,0.03686430677771568,0.002633380703628063,0.03785174340009689,0.0009238216443918645,0.01471814326941967,0.007343688048422337,0.04371235892176628,0.004925728775560856,0.0463375449180603,0.004114537034183741
111,0.001903498312458396,0.0332736112177372,0.0019389464287087321,0.033107031136751175,0.0009230551077052951,0.014916380867362022,3.354626301188546e-07,0.0038619423285126686,0.03939254209399223,0.0032694011460989714,0.03958038613200188,0.002561406698077917,0.0030973816756159067,0.037999074906110764,0.0025717844255268574,0.03720109537243843,0.0009194192825816572,0.014601337723433971,0.007201164960861206,0.04325806349515915,0.004954991862177849,0.048021458089351654,0.004102639388293028
112,0.001871174550615251,0.03297286853194237,0.0018809076864272356,0.03267329931259155,0.0009187801624648273,0.014852864667773247,3.354626301188546e-07,0.0038194856606423855,0.039127103984355927,0.0032265414483845234,0.03947928547859192,0.0025214520283043385,0.00296480068936944,0.036756936460733414,0.0030373663175851107,0.04138714820146561,0.0009151913109235466,0.014579963870346546,0.007183599751442671,0.04296678304672241,0.00466333981603384,0.0460423082113266,0.004107568878680468
113,0.001860317075625062,0.03293569013476372,0.0018771312898024917,0.03259362280368805,0.0009145229705609381,0.014791537076234818,3.354626301188546e-07,0.003752424381673336,0.03867467865347862,0.003212501062080264,0.03938554972410202,0.0024994879495352507,0.003313765861093998,0.039660412818193436,0.002564935712143779,0.037108756601810455,0.000911073642782867,0.01453442219644785,0.007103912532329559,0.042923703789711,0.004897023551166058,0.04818655550479889,0.004114025272428989
114,0.0018188433023169637,0.03245508670806885,0.0018314941553398967,0.03230655938386917,0.0009104794007726014,0.014735535718500614,3.354626301188546e-07,0.0036920548882335424,0.03865456581115723,0.0031029139645397663,0.038704462349414825,0.002441243501380086,0.003085474483668804,0.037495795637369156,0.002430860884487629,0.035594817250967026,0.0009073244291357696,0.014446023851633072,0.007008055225014687,0.04240413010120392,0.004830909427255392,0.047239597886800766,0.00399567699059844
115,0.0018171709962189198,0.032452624291181564,0.001835501054301858,0.032345402985811234,0.0009065554477274418,0.014677596278488636,3.354626301188546e-07,0.0036339277867227793,0.03809310123324394,0.003107041586190462,0.03882058337330818,0.0024292231537401676,0.0031411140225827694,0.0382218174636364,0.0023224640171974897,0.035132888704538345,0.0009039876749739051,0.014425781555473804,0.007371538784354925,0.04608399420976639,0.0046236091293394566,0.0457192100584507,0.004018611274659634
116,0.0017798574408516288,0.03213997930288315,0.0017952908528968692,0.03198125585913658,0.0009025626932270825,0.014620049856603146,3.354626301188546e-07,0.003606573911383748,0.0380861796438694,0.003022681688889861,0.038149818778038025,0.0023862486705183983,0.002900968072935939,0.03624606877565384,0.0023606540635228157,0.035771243274211884,0.0009000347927212715,0.014393935911357403,0.007220554631203413,0.04413500055670738,0.004687159787863493,0.04505758732557297,0.003953103441745043
117,0.0017900161910802126,0.03225680813193321,0.0017953688511624932,0.03197646141052246,0.0008990581845864654,0.014569842256605625,3.354626301188546e-07,0.0035191713832318783,0.03753683343529701,0.0029809658881276846,0.03803519904613495,0.002359146485105157,0.0028702581766992807,0.036086443811655045,0.0022874283604323864,0.03490964695811272,0.0008958136895671487,0.014308344572782516,0.006958079989999533,0.04256615787744522,0.004476319067180157,0.044065363705158234,0.003822802333161235
118,0.0017413662280887365,0.03178304061293602,0.0017837833147495985,0.03192761167883873,0.0008952193893492222,0.014514192007482052,3.354626301188546e-07,0.0035181036219000816,0.03778901323676109,0.0029754354618489742,0.03795907646417618,0.0023437258787453175,0.0029139246325939894,0.03634258732199669,0.0023135202936828136,0.03480802848935127,0.0008938487153500319,0.014255448244512081,0.0067876479588449,0.04203624650835991,0.00454670051112771,0.044267747551202774,0.0038157880771905184
119,0.0017455044435337186,0.031909286975860596,0.0017450733575969934,0.03157295659184456,0.0008917250670492649,0.014464383944869041,3.354626301188546e-07,0.0034212572500109673,0.03727182000875473,0.0029152571223676205,0.03766806423664093,0.0023002689704298973,0.003053313819691539,0.03758329898118973,0.0022554821334779263,0.0346061997115612,0.0008896642830222845,0.014197884127497673,0.00684381602331996,0.042442429810762405,0.004580677952617407,0.04440080374479294,0.0038539583329111338
120,0.0017073374474421144,0.031532853841781616,0.0017136577516794205,0.03127589449286461,0.0008880598470568657,0.014410869218409061,3.354626301188546e-07,0.003394183935597539,0.03713815286755562,0.0028600830119103193,0.03722817078232765,0.002265739720314741,0.002823830582201481,0.036007653921842575,0.0028268343303352594,0.03963806480169296,0.0008872383623383939,0.01417254563421011,0.007125182542949915,0.046375587582588196,0.004601896274834871,0.04469403997063637,0.003998715430498123
121,0.0016940194182097912,0.03151959180831909,0.0017019591759890318,0.031178954988718033,0.0008847513236105442,0.014359449036419392,3.354626301188546e-07,0.0033944800961762667,0.037205930799245834,0.0028527474496513605,0.03737134486436844,0.0022581941448152065,0.0029573903884738684,0.0370941236615181,0.002608870156109333,0.037893056869506836,0.0008835620828904212,0.014127048663794994,0.007590130902826786,0.0496118925511837,0.004333807155489922,0.044162310659885406,0.004023650195449591
122,0.00168519071303308,0.03136104717850685,0.001685497583821416,0.031102007254958153,0.0008584799361415207,0.01429323572665453,3.354626301188546e-07,0.0033312852028757334,0.036762334406375885,0.0027870074845850468,0.03684530034661293,0.0022208685986697674,0.0029297578148543835,0.037345826625823975,0.0022064028307795525,0.03406630456447601,0.000841101398691535,0.014059583656489849,0.006600277032703161,0.04160124063491821,0.004359251353889704,0.04346631467342377,0.0037056405562907457
123,0.001671171048656106,0.031238431110978127,0.0016579910879954696,0.030865434557199478,0.0008350972202606499,0.014186155050992966,3.354626301188546e-07,0.0032609449699521065,0.03654967620968819,0.002788580022752285,0.036992449313402176,0.002193714492022991,0.0038571786135435104,0.04568151384592056,0.0023480996023863554,0.035629358142614365,0.0008340872591361403,0.013887426815927029,0.006953801028430462,0.04316853731870651,0.004272103775292635,0.04398874193429947,0.004005423281341791
124,0.0016450086841359735,0.031000422313809395,0.0016618457157164812,0.030891554430127144,0.000829125929158181,0.014109805226325989,3.354626301188546e-07,0.003213621210306883,0.036245692521333694,0.0027630310505628586,0.036830250173807144,0.0021717012859880924,0.002726232400164008,0.03485937789082527,0.002172657987102866,0.033965710550546646,0.0008279092726297677,0.013923860155045986,0.006638576742261648,0.04282538592815399,0.004234226420521736,0.043748997151851654,0.0036314220633357763
125,0.0016189308371394873,0.03074956126511097,0.0016437828307971358,0.030763978138566017,0.0008250830578617752,0.014050684869289398,3.354626301188546e-07,0.0031963440123945475,0.03620985150337219,0.0026928484439849854,0.03638311102986336,0.002141685923561454,0.002741642529144883,0.03537633642554283,0.0023337937891483307,0.035467203706502914,0.00082700967323035,0.013755562715232372,0.006412445567548275,0.040574125945568085,0.004558444954454899,0.046555060893297195,0.0036931252107024193
126,0.0015956989955157042,0.030549928545951843,0.0016239563701674342,0.030601447448134422,0.0008213752298615873,0.013994027860462666,3.354626301188546e-07,0.003171751741319895,0.03622578829526901,0.0026586938183754683,0.03618695214390755,0.00211841007694602,0.002708801766857505,0.03501664847135544,0.002178566064685583,0.03368667885661125,0.0008208990329876542,0.013725084252655506,0.006633660290390253,0.04305977746844292,0.00420513516291976,0.043555308133363724,0.003620476694777608
127,0.0015946656931191683,0.03050936385989189,0.0016074837185442448,0.0303733479231596,0.0008180747390724719,0.013943426311016083,3.354626301188546e-07,0.0030948633793741465,0.03560960665345192,0.0025985429529100657,0.03575407341122627,0.002083306200802326,0.0026658351998776197,0.03476862609386444,0.0022655457723885775,0.03492995724081993,0.0008178914431482553,0.01371881365776062,0.00651346193626523,0.04282739385962486,0.004186719190329313,0.04383474960923195,0.0035988905001431704
128,0.0015762492548674345,0.03031538985669613,0.0015861846040934324,0.03022070974111557,0.0008150512585416436,0.013897214084863663,3.354626301188546e-07,0.003037571907043457,0.03522946313023567,0.002596925012767315,0.03587837517261505,0.0020608152262866497,0.0026289355009794235,0.0344257652759552,0.0023538486566394567,0.03532988950610161,0.0008146133041009307,0.013666518032550812,0.0065431431867182255,0.04318075254559517,0.004532089922577143,0.046376291662454605,0.0036945142783224583
129,0.0015684310346841812,0.030147915706038475,0.00157072301954031,0.03003191016614437,0.0008118113619275391,0.013851272873580456,3.354626301188546e-07,0.0030233252327889204,0.035403020679950714,0.002580741187557578,0.035822682082653046,0.0020484018605202436,0.002656940370798111,0.034633442759513855,0.002206281991675496,0.034270405769348145,0.0008111174101941288,0.013609332963824272,0.006381715182214975,0.04013070836663246,0.004439543001353741,0.04603343829512596,0.0036101192235946655
130,0.0015802725683897734,0.030330074951052666,0.001568724517710507,0.03000638633966446,0.0008089246111921966,0.013805695809423923,3.354626301188546e-07,0.0029849736019968987,0.035183120518922806,0.0025406309869140387,0.03557629883289337,0.002032677875831723,0.002597471233457327,0.03420053422451019,0.002083288040012121,0.03321245312690735,0.0008082565036602318,0.013579119928181171,0.006296935025602579,0.041199058294296265,0.004220245871692896,0.04263652488589287,0.0035003607627004385
131,0.0015356714138761163,0.030064893886446953,0.0015361858531832695,0.029704537242650986,0.0008060422260314226,0.013764359056949615,3.354626301188546e-07,0.0029232774395495653,0.03489803150296211,0.0025251125916838646,0.03553178906440735,0.001997658284381032,0.0026405365206301212,0.03470354154706001,0.002185540972277522,0.03392850607633591,0.0008058904204517603,0.01357223466038704,0.006173882633447647,0.04072212800383568,0.003995698411017656,0.04167981445789337,0.0034546107053756714
132,0.0014985707821324468,0.029556656256318092,0.0015345461433753371,0.029805758967995644,0.0008032743353396654,0.013723362237215042,3.354626301188546e-07,0.0029041857924312353,0.03483692556619644,0.0024900813587009907,0.03523247316479683,0.001976490719243884,0.0025709436740726233,0.03415766358375549,0.0020871907472610474,0.03303349018096924,0.0008041783585213125,0.013498801738023758,0.006061822175979614,0.03983107581734657,0.004117224365472794,0.04343552887439728,0.003418784122914076
133,0.0015281664673238993,0.029882362112402916,0.0015369399916380644,0.029746737331151962,0.0008002024260349572,0.013675207272171974,3.354626301188546e-07,0.002867447677999735,0.034347739070653915,0.0024546273052692413,0.034949466586112976,0.0019671383779495955,0.0025651727337390184,0.03391239419579506,0.002208518562838435,0.03421652689576149,0.0007998116780072451,0.013468326069414616,0.006347498390823603,0.04273771494626999,0.004069040063768625,0.043058812618255615,0.0034977842587977648
134,0.0014482132392004132,0.029062967747449875,0.001491044880822301,0.029287822544574738,0.0007976565975695848,0.01363690011203289,3.354626301188546e-07,0.002845291281118989,0.034586675465106964,0.002425252925604582,0.034816671162843704,0.0019269715994596481,0.0025518022011965513,0.033968549221754074,0.0021086842752993107,0.03368658199906349,0.000799965113401413,0.01338199619203806,0.006037149578332901,0.0399601049721241,0.0038579811807721853,0.04142153635621071,0.0033550108782947063
135,0.0014644355978816748,0.029348811134696007,0.0014676011633127928,0.02915063127875328,0.0007950987201184034,0.013597541488707066,3.354626301188546e-07,0.0027830556500703096,0.03401566296815872,0.002379744779318571,0.03445712476968765,0.001900847302749753,0.002707697683945298,0.03557644784450531,0.0020840959623456,0.03318772464990616,0.0007965230033732951,0.013345284387469292,0.00597525155171752,0.04029998928308487,0.0038682089652866125,0.04130572825670242,0.0033725847024470568
136,0.0014542380813509226,0.029242226853966713,0.0014711087569594383,0.029236482456326485,0.0007922910735942423,0.013558300212025642,3.354626301188546e-07,0.002770880004391074,0.03415125608444214,0.002376285381615162,0.03453478589653969,0.001895543304271996,0.0025156934279948473,0.033679887652397156,0.002120420802384615,0.033598944544792175,0.0007926835096441209,0.013340724632143974,0.005970716942101717,0.039306655526161194,0.003950389567762613,0.04185529053211212,0.003354643704369664
137,0.0014587448677048087,0.029275527223944664,0.0014514419017359614,0.02894052304327488,0.0007897619507275522,0.013521910645067692,3.354626301188546e-07,0.00271950988098979,0.03365641087293625,0.002312864176928997,0.03396245837211609,0.001866050879471004,0.002509394660592079,0.033735670149326324,0.0021412591449916363,0.03411697596311569,0.0007902394863776863,0.01331478450447321,0.006114176940172911,0.04183845594525337,0.0038744420744478703,0.04118737950921059,0.0033728599082678556
138,0.001418531872332096,0.028889041393995285,0.001429964555427432,0.028747105970978737,0.0007872538408264518,0.013481801375746727,3.354626301188546e-07,0.002678106538951397,0.033492282032966614,0.0022988354321569204,0.03401082381606102,0.001839449512772262,0.0024733322206884623,0.03343251720070839,0.0020368376281112432,0.03263287618756294,0.0007897964678704739,0.0132251912727952,0.005742156412452459,0.03864695504307747,0.003827415406703949,0.04089394956827164,0.0032469211146235466
139,0.0014204937033355236,0.02898104302585125,0.0014248626539483666,0.028764447197318077,0.0007846650551073253,0.013442747294902802,3.354626301188546e-07,0.002637892961502075,0.03331775218248367,0.0022710091434419155,0.03378655016422272,0.0018231762805953622,0.002642950275912881,0.0350973941385746,0.0020067256409674883,0.03262674808502197,0.0007863329374231398,0.013236498460173607,0.005759486462920904,0.03875811770558357,0.00422723637893796,0.045432936400175095,0.0033718228805810213
140,0.0014199288561940193,0.02890685945749283,0.0014199846191331744,0.02879372611641884,0.0007822393672540784,0.013404970988631248,3.354626301188546e-07,0.0026441095396876335,0.03360491618514061,0.002271838253363967,0.03380027413368225,0.0018232916481792927,0.002628522692248225,0.0347079299390316,0.0022619636729359627,0.03506246209144592,0.0007867617532610893,0.013189241290092468,0.005754993762820959,0.0391971692442894,0.00444556400179863,0.04746146872639656,0.003474160097539425
141,0.001403225352987647,0.028745729476213455,0.0013783465838059783,0.02824757806956768,0.0007797174621373415,0.01336983498185873,3.354626301188546e-07,0.002562180859968066,0.03284993767738342,0.00223986292257905,0.03367351368069649,0.0017842833185568452,0.0025905717629939318,0.034562572836875916,0.001979211810976267,0.03240728750824928,0.0007827398949302733,0.013149491511285305,0.006064504384994507,0.04209621250629425,0.003712281584739685,0.04066556319594383,0.0033062524162232876
142,0.0013820747844874859,0.028505366295576096,0.0013651439221575856,0.02809261344373226,0.0007773392717354,0.013331837952136993,3.354626301188546e-07,0.002571391873061657,0.03300749883055687,0.0021974823903292418,0.033211104571819305,0.0017688556108623743,0.0027431133203208447,0.03621171787381172,0.0019941579084843397,0.032728347927331924,0.0007790389354340732,0.013109955936670303,0.005872341804206371,0.04043493792414665,0.0037946486845612526,0.04172356054186821,0.003318862058222294
143,0.0013670326443389058,0.028409266844391823,0.0013816264690831304,0.028289789333939552,0.0007749434444122016,0.01329663023352623,3.354626301188546e-07,0.002547123935073614,0.032908014953136444,0.0021882050205022097,0.03336821496486664,0.0017613916425034404,0.0026177437976002693,0.03543098643422127,0.0019987430423498154,0.032471608370542526,0.0007763240719214082,0.013123610056936741,0.0056617953814566135,0.03836701065301895,0.0037767691537737846,0.040961991995573044,0.003240021178498864
144,0.001366941025480628,0.028419939801096916,0.0013843465130776167,0.028392652049660683,0.0007725624600425363,0.013263759203255177,3.354626301188546e-07,0.002468148013576865,0.032594628632068634,0.002124839462339878,0.032793011516332626,0.0017297184094786644,0.0024635200388729572,0.03362434729933739,0.0019283659057691693,0.03182905167341232,0.0007737795822322369,0.013069584034383297,0.005803186446428299,0.03812645748257637,0.0038188062608242035,0.040602728724479675,0.0032304993364959955
145,0.0013406011275947094,0.02801266685128212,0.0013415218563750386,0.02790534310042858,0.0007702885195612907,0.013228224590420723,3.354626301188546e-07,0.002495694439858198,0.03287974372506142,0.002130464417859912,0.03284810483455658,0.00172139098867774,0.0025879289023578167,0.03504081815481186,0.0019175028428435326,0.03188198804855347,0.000772424042224884,0.013027558103203773,0.005548853427171707,0.038204651325941086,0.003725806949660182,0.04041048139333725,0.003177763195708394
146,0.0013175737112760544,0.02785712294280529,0.001329069840721786,0.02787184901535511,0.0007680571870878339,0.013193146325647831,3.354626301188546e-07,0.002424533013254404,0.032274216413497925,0.0020784479565918446,0.032331615686416626,0.001685470575466752,0.002549960045143962,0.03513285890221596,0.001899072085507214,0.03160398080945015,0.000770321988966316,0.012999136000871658,0.005522779189050198,0.03781548887491226,0.003620507661253214,0.03984637185931206,0.0031353039667010307
147,0.0013092145090922713,0.02778976410627365,0.001318816444836557,0.02772592008113861,0.0007658426184207201,0.0131602818146348,3.354626301188546e-07,0.0023975674994289875,0.0321037620306015,0.0020608166232705116,0.032265786081552505,0.0016710285563021898,0.0023862842936068773,0.03291366621851921,0.0019952987786382437,0.032725922763347626,0.0007693778607062995,0.012942198663949966,0.005872642621397972,0.039991412311792374,0.0036411425098776817,0.03986063599586487,0.003203395754098892
148,0.0012989434180781245,0.0276956669986248,0.0013133049942553043,0.02764950692653656,0.0007634222274646163,0.013126182369887829,3.354626301188546e-07,0.0024053347297012806,0.0321662575006485,0.002043267944827676,0.032200660556554794,0.0016650334000587463,0.0023977267555892467,0.033150941133499146,0.0020133673679083586,0.03268549218773842,0.000766979472246021,0.012882188893854618,0.005554492119699717,0.038642045110464096,0.0036450938787311316,0.03976420685648918,0.0031391012016683817
149,0.0013015259755775332,0.027728209272027016,0.001301006879657507,0.027434807270765305,0.000761311617679894,0.013088320381939411,3.354626301188546e-07,0.002348152454942465,0.03191113471984863,0.0020130793564021587,0.03199823573231697,0.0016429780516773462,0.002414658898487687,0.03355821594595909,0.0019526040414348245,0.03199286013841629,0.0007634626235812902,0.01291350182145834,0.005527189467102289,0.039236459881067276,0.003859376534819603,0.041369762271642685,0.0031709561590105295
150,0.0012718377402052283,0.02736506052315235,0.0012966401409357786,0.027543433010578156,0.0007591876201331615,0.01305747963488102,3.354626301188546e-07,0.002305641770362854,0.03144533559679985,0.00200847745873034,0.032010819762945175,0.0016245029401034117,0.0023713354021310806,0.03290503844618797,0.0018674959428608418,0.0313701331615448,0.0007629080791957676,0.012837028130888939,0.005559597164392471,0.0376199334859848,0.003698481945320964,0.040275901556015015,0.0031130972784012556
151,0.0012448610505089164,0.02709575742483139,0.0012733475305140018,0.02728041261434555,0.0007570386514998972,0.01302867941558361,3.354626301188546e-07,0.0022888705134391785,0.03139246255159378,0.001995776779949665,0.031846970319747925,0.0016063463408499956,0.00235204235650599,0.03268606588244438,0.0019045649096369743,0.03187050670385361,0.0007590116001665592,0.012814066372811794,0.0053354124538600445,0.037322092801332474,0.003669366240501404,0.04060298576951027,0.003059713402763009
152,0.001254358678124845,0.02728966251015663,0.0012561441399157047,0.027034157887101173,0.0007518334314227104,0.013000608421862125,3.354626301188546e-07,0.0022661429829895496,0.031290508806705475,0.0019443279597908258,0.031536705791950226,0.0015874020755290985,0.002321165055036545,0.032338038086891174,0.0018748561851680279,0.031559061259031296,0.000751742220018059,0.012825597077608109,0.005292769055813551,0.03754030168056488,0.003564354730769992,0.03970518708229065,0.0030121307354420424
153,0.0012307423166930676,0.026978200301527977,0.0012624062364920974,0.027176447212696075,0.0007351711392402649,0.01299474760890007,3.354626301188546e-07,0.0022359774447977543,0.031358685344457626,0.001949972938746214,0.031600505113601685,0.0015763137489557266,0.002515720436349511,0.034513767808675766,0.001902494695968926,0.03190905600786209,0.0007304309401661158,0.01279432326555252,0.00535601144656539,0.03803154081106186,0.003555765375494957,0.03998269885778427,0.0030722913797944784
154,0.001242028083652258,0.027128174901008606,0.0012425612658262253,0.026973554864525795,0.0007171743782237172,0.01294180378317833,3.354626301188546e-07,0.002220037393271923,0.0311257503926754,0.001915357424877584,0.03143741562962532,0.001561213401146233,0.002479484537616372,0.0339384451508522,0.002208506688475609,0.0347149483859539,0.0007194404606707394,0.012764021754264832,0.0053960783407092094,0.03737496957182884,0.0035145729780197144,0.03904179111123085,0.003131638281047344
155,0.0012262037489563227,0.02697358839213848,0.0012408006004989147,0.026874378323554993,0.0007076574838720262,0.012872961349785328,3.354626301188546e-07,0.00220310571603477,0.03092428483068943,0.0018866447499021888,0.031167101114988327,0.0015460359863936901,0.002527961041778326,0.03485265374183655,0.002015555975958705,0.033149272203445435,0.0007075758767314255,0.012707863003015518,0.005338724702596664,0.03841312602162361,0.0034712355118244886,0.03907884657382965,0.0030752895399928093
156,0.001213196897879243,0.02680782414972782,0.0012396699748933315,0.02686174586415291,0.0007023371872492135,0.01281104888767004,3.354626301188546e-07,0.0021596213337033987,0.030840225517749786,0.0018598554888740182,0.030980393290519714,0.001526511157862842,0.003110772231593728,0.0404677540063858,0.003137221559882164,0.04323853179812431,0.0007034126901999116,0.012660598382353783,0.005376520566642284,0.037202633917331696,0.005958238150924444,0.055481988936662674,0.00402646092697978
157,0.0012054782127961516,0.026743218302726746,0.001230214023962617,0.026845160871744156,0.0006986549706198275,0.012758343480527401,3.354626301188546e-07,0.002166094956919551,0.03079390525817871,0.0018687770934775472,0.03094499558210373,0.0015257428167387843,0.0023075740318745375,0.03227478638291359,0.0019165102858096361,0.03195519000291824,0.0007069098646752536,0.012577442452311516,0.005656389985233545,0.03957903012633324,0.0034541988279670477,0.03917134925723076,0.003070993348956108
158,0.0011928924359381199,0.026586012914776802,0.0011895685456693172,0.026432812213897705,0.0006957045407034457,0.012708482332527637,3.354626301188546e-07,0.0021167590748518705,0.030336057767271996,0.0018703945679590106,0.031216291710734367,0.0015027358895167708,0.0023191741202026606,0.03296240046620369,0.0018243076046928763,0.03111140988767147,0.0006973136914893985,0.012523049488663673,0.0051578981801867485,0.03667230159044266,0.0036924153100699186,0.04158946871757507,0.002993335947394371
159,0.001195194199681282,0.02661288157105446,0.0011907919542863965,0.026484983041882515,0.0006930198287591338,0.012667411006987095,3.354626301188546e-07,0.0020874198526144028,0.030292199924588203,0.0018252048175781965,0.030691606923937798,0.0014864897821098566,0.002251464407891035,0.03187651187181473,0.0018992546247318387,0.03211737051606178,0.0006955909193493426,0.012515096925199032,0.005249867215752602,0.03718007355928421,0.003423244459554553,0.0391458161175251,0.0029549209866672754
160,0.001164400251582265,0.02625975012779236,0.001169973867945373,0.026235952973365784,0.000690592685714364,0.012630030512809753,3.354626301188546e-07,0.0020876536145806313,0.030525464564561844,0.0017898456426337361,0.03042125329375267,0.0014667304931208491,0.0022317206021398306,0.03197555989027023,0.001890150480903685,0.031630098819732666,0.0006950848619453609,0.012419142760336399,0.00532631017267704,0.039451710879802704,0.003487945068627596,0.039092615246772766,0.0029801358468830585
161,0.0011536905076354742,0.02616042084991932,0.0011781047796830535,0.026275012642145157,0.0006885087350383401,0.012593740597367287,3.354626301188546e-07,0.002032485092058778,0.02996739000082016,0.0018028171034529805,0.03056570515036583,0.0014564463635906577,0.002244275528937578,0.03204932063817978,0.0018622428178787231,0.031391844153404236,0.000691251247189939,0.012396500445902348,0.005170038435608149,0.037573833018541336,0.003394386265426874,0.038516245782375336,0.0029200869612395763
162,0.0011563013540580869,0.026275688782334328,0.0011573904193937778,0.026012009009718895,0.0006863345624879003,0.012560599483549595,3.354626301188546e-07,0.002022356726229191,0.029902903363108635,0.0017695294227451086,0.03025159053504467,0.0014423885149881244,0.0027232253924012184,0.03775295987725258,0.0017783454386517406,0.03078147955238819,0.0006888682255521417,0.012372316792607307,0.005056140478700399,0.03721866011619568,0.003359997645020485,0.0388299822807312,0.0029753718990832567
163,0.0011292933486402035,0.02595258131623268,0.0011460729874670506,0.025922223925590515,0.0006842317525297403,0.012523099780082703,3.354626301188546e-07,0.0020176952239125967,0.029942762106657028,0.0017370270797982812,0.03000706061720848,0.001425193971954286,0.0021944167092442513,0.031568173319101334,0.0019213830819353461,0.032355695962905884,0.0006878302665427327,0.012416697107255459,0.005070907063782215,0.03677952289581299,0.0034095621667802334,0.03869562968611717,0.0029029434081166983
164,0.0011323214275762439,0.025945479050278664,0.0011315984884276986,0.02587607316672802,0.0006825232412666082,0.012497127056121826,3.354626301188546e-07,0.001997946761548519,0.029886336997151375,0.0017225423362106085,0.02990325726568699,0.0014147430192679167,0.002220605034381151,0.031839434057474136,0.0018343380652368069,0.03141355514526367,0.0006856213440187275,0.012313070707023144,0.005032026674598455,0.03659139573574066,0.0033043771982192993,0.03809249773621559,0.002856615697965026
165,0.0011364021338522434,0.025995591655373573,0.0011385439429432154,0.025934217497706413,0.0006803303840570152,0.012461679987609386,3.354626301188546e-07,0.0019798162393271923,0.02968199923634529,0.0017166419420391321,0.029912404716014862,0.0014115984085947275,0.002162726828828454,0.03134626895189285,0.0018120420863851905,0.03089860826730728,0.0006834010710008442,0.012303387746214867,0.005146227311342955,0.03849639743566513,0.0033181244507431984,0.03864901140332222,0.0028671417385339737
166,0.0011040583485737443,0.025662634521722794,0.001119651016779244,0.0255937147885561,0.000678661628626287,0.012433853931725025,3.354626301188546e-07,0.0019409040687605739,0.029585104435682297,0.001700399094261229,0.02982771210372448,0.0013874938013032079,0.0022443742491304874,0.032230544835329056,0.0018216031603515148,0.031255241483449936,0.0006830683560110629,0.012221328914165497,0.005093496758490801,0.03800533711910248,0.0032547740265727043,0.037942010909318924,0.0028615116607397795
167,0.0010906268144026399,0.025411663576960564,0.0010993621544912457,0.025430716574192047,0.0006766847800463438,0.012399081140756607,3.354626301188546e-07,0.0018985052593052387,0.029120998457074165,0.0016676386585459113,0.029543917626142502,0.001362798037007451,0.0021660560742020607,0.031378958374261856,0.0018414133228361607,0.03153769299387932,0.0006798927206546068,0.012239226140081882,0.004979619290679693,0.03670457378029823,0.0032571814954280853,0.03818748891353607,0.0028229488525539637
168,0.001105106552131474,0.02563663385808468,0.0011103990254923701,0.02561464160680771,0.0006748152663931251,0.01237368956208229,3.354626301188546e-07,0.0018996824510395527,0.02909550629556179,0.0016614297637715936,0.029501857236027718,0.0013672207714989781,0.0025991450529545546,0.035743243992328644,0.0018626278033480048,0.03150661662220955,0.0006788873579353094,0.01225556805729866,0.004906505346298218,0.03609607368707657,0.003391900332644582,0.03933560103178024,0.0029389287810772657
169,0.0010963835520669818,0.02564948797225952,0.0011051769834011793,0.02553587593138218,0.0006730271852575243,0.012340225279331207,3.354626301188546e-07,0.0018839100375771523,0.028994690626859665,0.001637376844882965,0.029254741966724396,0.0013549429131671786,0.0021823584102094173,0.03178706392645836,0.001766460482031107,0.03063342347741127,0.0006773950881324708,0.012225529178977013,0.00486780097708106,0.03584896773099899,0.003288971958681941,0.03864872083067894,0.002791497390717268
170,0.0010915001621469855,0.025511277839541435,0.0010701774153858423,0.02512715384364128,0.0006713626789860427,0.012315920554101467,3.354626301188546e-07,0.0018676136387512088,0.029154522344470024,0.0016254573129117489,0.029266800731420517,0.0013394549023360014,0.0021321233361959457,0.031239496544003487,0.0017097282689064741,0.03009900636970997,0.0006748976302333176,0.012169109657406807,0.005039358977228403,0.038413651287555695,0.003186964662745595,0.03783999755978584,0.002782828640192747
171,0.0010798405855894089,0.02538919448852539,0.001078949891962111,0.025288481265306473,0.0006695594638586044,0.01228488702327013,3.354626301188546e-07,0.0018572794506326318,0.029056359082460403,0.0015904356259852648,0.028856787830591202,0.0013284196611493826,0.0021138202864676714,0.030943091958761215,0.0017319394974038005,0.030437046661973,0.0006734508788213134,0.012158093973994255,0.005789856892079115,0.042684245854616165,0.0031985712703317404,0.037843335419893265,0.0029550364706665277
172,0.0010649141622707248,0.025219576433300972,0.001071515609510243,0.025195583701133728,0.0006677645142190158,0.012259134091436863,3.354626301188546e-07,0.0017988868057727814,0.02855277992784977,0.0015718137146905065,0.02873341552913189,0.0013058813055977225,0.002100603422150016,0.030900340527296066,0.0017186717595905066,0.030306193977594376,0.0006715148338116705,0.012089901603758335,0.0048051439225673676,0.03639639541506767,0.0031268803868442774,0.037079308182001114,0.0027111934032291174
173,0.0010441484628245234,0.024996565654873848,0.0010637884261086583,0.025088656693696976,0.0006662802188657224,0.012231182307004929,3.354626301188546e-07,0.001807179767638445,0.028691938146948814,0.0016003150958567858,0.02904396504163742,0.0013076019240543246,0.0022164771798998117,0.03211251646280289,0.0018464543391019106,0.031784411519765854,0.0006719395169056952,0.01205212902277708,0.005073023959994316,0.03733581304550171,0.0036586083006113768,0.04076959565281868,0.0029459702782332897
174,0.0010405539069324732,0.024927804246544838,0.0010582130635157228,0.025010153651237488,0.0006645058165304363,0.012204269878566265,3.354626301188546e-07,0.00177391420584172,0.028365110978484154,0.001546500250697136,0.028509629890322685,0.0012857661349698901,0.0022602719254791737,0.03314852714538574,0.0019533184822648764,0.032858408987522125,0.0006702831597067416,0.012036168947815895,0.004726121202111244,0.03586548566818237,0.0031246242579072714,0.037064384669065475,0.0027815045323222876
175,0.0010475076269358397,0.025054389610886574,0.0010548379505053163,0.02495483122766018,0.0006629943381994963,0.01217907015234232,3.354626301188546e-07,0.0017802775837481022,0.028502095490694046,0.0015477687120437622,0.028526324778795242,0.0012881382135674357,0.0022050091065466404,0.03258156031370163,0.0022578861098736525,0.035946570336818695,0.000666737905703485,0.012056848034262657,0.0047549172304570675,0.035732120275497437,0.0032439492642879486,0.03772210329771042,0.0028705697041004896
176,0.0010303951567038894,0.02483179047703743,0.0010432974668219686,0.0248222928494215,0.0006613282603211701,0.012151132337749004,3.354626301188546e-07,0.0017671590903773904,0.028377512469887733,0.001529714441858232,0.02837904915213585,0.0012745099375024438,0.002123187528923154,0.03114326484501362,0.0018992763943970203,0.032210566103458405,0.0006652837037108839,0.012026121839880943,0.004720674827694893,0.03590641915798187,0.0034236605279147625,0.04045068472623825,0.002804058138281107
177,0.0010376031277701259,0.02498040162026882,0.0010381644824519753,0.024835269898176193,0.0006596900639124215,0.012124028988182545,3.354626301188546e-07,0.001731456140987575,0.028121856972575188,0.0015271373558789492,0.028312480077147484,0.0012662004446610808,0.002216953318566084,0.03261718899011612,0.001958319917321205,0.033139802515506744,0.0006640119827352464,0.01194313820451498,0.005003116559237242,0.03917494788765907,0.0031920296605676413,0.03749346733093262,0.002849745796993375
178,0.0010107754496857524,0.024636762216687202,0.0010215763468295336,0.024647613987326622,0.0006581409834325314,0.012098552659153938,3.354626301188546e-07,0.0017344190273433924,0.028210453689098358,0.001489519141614437,0.028176093474030495,0.0012484786566346884,0.0020605032332241535,0.030648590996861458,0.0016977583291009068,0.029849348589777946,0.0006647536065429449,0.01193728856742382,0.004694545641541481,0.03658687323331833,0.003153787460178137,0.037057895213365555,0.002677959157153964
179,0.0010081055806949735,0.024617385119199753,0.0009960464667528868,0.024310756474733353,0.0006565794465132058,0.012074939906597137,3.354626301188546e-07,0.0016852475237101316,0.02784130722284317,0.0014834367902949452,0.0280379019677639,0.001229546614922583,0.0025023911148309708,0.03571998327970505,0.0021029587369412184,0.03447797894477844,0.0006606606184504926,0.011930888518691063,0.004807991907000542,0.03755223751068115,0.003059576964005828,0.03666352108120918,0.002872472396120429
180,0.0009879213757812977,0.024317558854818344,0.0010167798027396202,0.024581994861364365,0.0006551800179295242,0.012048435397446156,3.354626301188546e-07,0.0016631496837362647,0.02761121280491352,0.0014937460655346513,0.028140194714069366,0.0012268773280084133,0.0022766434121876955,0.03323175758123398,0.0016810146626085043,0.02990860678255558,0.0006605373928323388,0.011985072866082191,0.004792331252247095,0.03614781051874161,0.003117397427558899,0.036849651485681534,0.0027362152468413115
181,0.0009906839113682508,0.024389727041125298,0.0009869815548881888,0.024158453568816185,0.0006536348955705762,0.012024369090795517,3.354626301188546e-07,0.0016527911648154259,0.027451522648334503,0.0014750170521438122,0.027880478650331497,0.0012140937615185976,0.002023205626755953,0.030385181307792664,0.0016901177586987615,0.030258245766162872,0.0006586016388610005,0.011954408138990402,0.004642920568585396,0.035381168127059937,0.003031961852684617,0.03706304356455803,0.002628206741064787
182,0.0009706559358164668,0.024174699559807777,0.0009910272201523185,0.024274619296193123,0.0006520595634356141,0.012000144459307194,3.354626301188546e-07,0.0016320637660101056,0.027377020567655563,0.0014565597521141171,0.027775632217526436,0.001201525330543518,0.0020737904123961926,0.03092552348971367,0.0019179919036105275,0.03308722749352455,0.0006560896290466189,0.011852351017296314,0.004864619113504887,0.03673259913921356,0.003156391903758049,0.03762372210621834,0.0027684865053743124
183,0.0009732724283821881,0.02418544515967369,0.0009847341571003199,0.024228611961007118,0.0006505034980364144,0.011974132619798183,3.354626301188546e-07,0.0016343067400157452,0.027546202763915062,0.0014354654122143984,0.027701452374458313,0.0011963013093918562,0.0022005054634064436,0.031893059611320496,0.0016506598331034184,0.029585205018520355,0.0006554232095368207,0.01181273628026247,0.004601046442985535,0.03544679656624794,0.0031423240434378386,0.037228021770715714,0.0026743130292743444
184,0.0009717176435515285,0.024171164259314537,0.0009661699295975268,0.02401241473853588,0.0006491071544587612,0.011952497996389866,3.354626301188546e-07,0.0016121248481795192,0.02741938643157482,0.001424527494236827,0.027605261653661728,0.0011841815430670977,0.002049701754003763,0.03076288104057312,0.0016419028397649527,0.029724080115556717,0.0006550384568981826,0.011757897213101387,0.00492884311825037,0.03957519307732582,0.0030732962768524885,0.03674636036157608,0.0026965963188558817
185,0.0009639005875214934,0.024059440940618515,0.0009628780535422266,0.023876572027802467,0.0006477321730926633,0.011926472187042236,3.354626301188546e-07,0.0016006268560886383,0.02725537307560444,0.0014000822557136416,0.027347499504685402,0.0011734581785276532,0.0020780961494892836,0.03096221759915352,0.0017012072494253516,0.030074328184127808,0.0006525247590616345,0.011803076602518559,0.004527715500444174,0.03562605753540993,0.003347436198964715,0.04012924060225487,0.0026875052135437727
186,0.0009597816970199347,0.023990480229258537,0.0009625581442378461,0.023920508101582527,0.0006462984601967037,0.011903610080480576,3.354626301188546e-07,0.0015797005034983158,0.02718876674771309,0.001386909163556993,0.027183707803487778,0.0011646434431895614,0.0020614746026694775,0.030746323987841606,0.00181286979932338,0.03181737661361694,0.0006517141009680927,0.011794758960604668,0.004459334537386894,0.03477736935019493,0.003109267447143793,0.03759661316871643,0.002639834303408861
187,0.0009525424684397876,0.023854006081819534,0.0009670410072430968,0.023970119655132294,0.0006447260384447873,0.011879990808665752,3.354626301188546e-07,0.0015524663031101227,0.026976747438311577,0.0013735427055507898,0.027106592431664467,0.0011547314934432507,0.002027105772867799,0.0306511539965868,0.0016447342932224274,0.029869576916098595,0.0006498484290204942,0.011784635484218597,0.004447974730283022,0.03490043431520462,0.0029745176434516907,0.03622385859489441,0.0025612094905227423
188,0.0009403520380146801,0.02371560037136078,0.0009430308709852397,0.023655397817492485,0.0006435121758840978,0.011859032325446606,3.354626301188546e-07,0.0015366595471277833,0.026774071156978607,0.0013576794881373644,0.02704690210521221,0.001139338593930006,0.001976673724129796,0.030152063816785812,0.0016081515932455659,0.02928575500845909,0.0006492190295830369,0.011702640913426876,0.004428315907716751,0.03491069748997688,0.0029431735165417194,0.036127761006355286,0.0025300923734903336
189,0.0009277447243221104,0.02361595258116722,0.0009406377794221044,0.02366575039923191,0.0006419399287551641,0.011834627017378807,3.354626301188546e-07,0.0015534107806161046,0.02694648876786232,0.0013502024812623858,0.02688676491379738,0.0011378924828022718,0.002297588624060154,0.034052856266498566,0.001674711238592863,0.03004903718829155,0.000648122513666749,0.011713765561580658,0.004509094171226025,0.03451960161328316,0.003060488263145089,0.03687017783522606,0.0026617359835654497
190,0.000929304922465235,0.023675475269556046,0.0009405137971043587,0.023703183978796005,0.0006407355540432036,0.011809625662863255,3.354626301188546e-07,0.00151160079985857,0.02658264897763729,0.001335721928626299,0.02688487246632576,0.001125431270338595,0.002166834194213152,0.032106827944517136,0.0016532664885744452,0.029735390096902847,0.0006453973473981023,0.011708907783031464,0.004411004018038511,0.03454190492630005,0.002952959854155779,0.03630641847848892,0.002580953761935234
191,0.0009151366539299488,0.023492703214287758,0.0009430577047169209,0.023696037009358406,0.0006394241354428232,0.011792690493166447,3.354626301188546e-07,0.0014994440134614706,0.02666451595723629,0.0013403156772255898,0.026876894757151604,0.0011209821095690131,0.001964266411960125,0.029952440410852432,0.0017251735553145409,0.030763739719986916,0.0006453815731219947,0.011651002801954746,0.00436243275180459,0.03462853282690048,0.002909221453592181,0.03596518933773041,0.002530784346163273
192,0.0009101206087507308,0.02342638373374939,0.0009187336545437574,0.02345115691423416,0.0006381291314028203,0.011767363175749779,3.354626301188546e-07,0.0014816127950325608,0.026344284415245056,0.0013005780056118965,0.026498736813664436,0.0011012973263859749,0.001989781390875578,0.030463464558124542,0.0015967891085892916,0.02917839214205742,0.0006428692722693086,0.011651798151433468,0.004751281812787056,0.0373261533677578,0.0029435567557811737,0.03605181723833084,0.0026026032865047455
193,0.0008849496371112764,0.023058274760842323,0.0009089754312299192,0.02329231984913349,0.0006367063033394516,0.011746465228497982,3.354626301188546e-07,0.0014588118065148592,0.02619415521621704,0.0013025085208937526,0.026536118239164352,0.001088600605726242,0.0021254972089082003,0.031686216592788696,0.0015988455852493644,0.029191846027970314,0.0006423318409360945,0.01164589636027813,0.0043385024182498455,0.03420219197869301,0.0029256478883326054,0.03571102395653725,0.00253664399497211
194,0.0009029571083374321,0.023366225883364677,0.0009036364499479532,0.023205222561955452,0.0006356067024171352,0.011725124903023243,3.354626301188546e-07,0.0014642947353422642,0.026246076449751854,0.001288925763219595,0.026383310556411743,0.0010895180748775601,0.0021281405352056026,0.03240077570080757,0.0023007653653621674,0.03702151030302048,0.0006408367771655321,0.011641199700534344,0.0043935575522482395,0.035268496721982956,0.0029053818434476852,0.035764727741479874,0.0027028480544686317
195,0.0009026879561133683,0.02334851771593094,0.0009019463905133307,0.023253651335835457,0.00063411082373932,0.011702760122716427,3.354626301188546e-07,0.0014560987474396825,0.026273975148797035,0.0012884944444522262,0.02638474851846695,0.0010869876714423299,0.0019319439306855202,0.02994617447257042,0.0015878461999818683,0.029134005308151245,0.000639822450466454,0.011568835005164146,0.004310274962335825,0.03408154472708702,0.0028518280014395714,0.035337451845407486,0.0024674092419445515
196,0.0008944726432673633,0.0232540275901556,0.0008996551623567939,0.023207448422908783,0.0006328974850475788,0.01167994923889637,3.354626301188546e-07,0.0014156975084915757,0.025953903794288635,0.0012674371246248484,0.026184359565377235,0.0010706735774874687,0.001897516194730997,0.02949640154838562,0.0017328823450952768,0.030924012884497643,0.0006408226327039301,0.011643992736935616,0.00446982029825449,0.035978592932224274,0.002868576208129525,0.035503633320331573,0.0025320614222437143
197,0.000872292323037982,0.02291400171816349,0.0008881542016752064,0.023080594837665558,0.000631552014965564,0.011656476184725761,3.354626301188546e-07,0.0014350555138662457,0.026056265458464622,0.0012544812634587288,0.026005931198596954,0.0010644012363627553,0.001975005492568016,0.030625266954302788,0.0020160020794719458,0.033799417316913605,0.0006369761540554464,0.011531680822372437,0.0044570243917405605,0.03634175285696983,0.0029217214323580265,0.035582225769758224,0.0026218919083476067
198,0.0008605743641965091,0.022788384929299355,0.0008806050173006952,0.022951379418373108,0.0006302784895524383,0.011636179871857166,3.354626301188546e-07,0.001403243513777852,0.025912920013070107,0.0012412327341735363,0.02598387375473976,0.0010498007759451866,0.0019245968433097005,0.029889678582549095,0.0016057625180110335,0.02907635271549225,0.0006358806858770549,0.011495683342218399,0.004506094381213188,0.0350523516535759,0.0029243554454296827,0.035716403275728226,0.002529769903048873
199,0.0008504033321514726,0.022667912766337395,0.000885545217897743,0.02299639955163002,0.0006292615435086191,0.011618275195360184,3.354626301188546e-07,0.0013729715719819069,0.025581711903214455,0.0012437033001333475,0.025994958356022835,0.0010422664927318692,0.0018837125971913338,0.02930227667093277,0.0016923045041039586,0.030592354014515877,0.0006354536744765937,0.011470876634120941,0.004262386821210384,0.033935971558094025,0.003083018818870187,0.03721221908926964,0.0025208655279129744
